grupo,limite_inferior,limite_superior,n
T=0,0.0,0.01,0
T=0,0.01,0.02,0
T=0,0.02,0.03,0
T=0,0.03,0.04,0
T=0,0.04,0.05,0
T=0,0.05,0.06,0
T=0,0.06,0.07,0
T=0,0.07,0.08,0
T=0,0.08,0.09,0
T=0,0.09,0.1,0
T=0,0.1,0.11,0
T=0,0.11,0.12,0
T=0,0.12,0.13,0
T=0,0.13,0.14,0
T=0,0.14,0.15,0
T=0,0.15,0.16,0
T=0,0.16,0.17,0
T=0,0.17,0.18,0
T=0,0.18,0.19,0
T=0,0.19,0.2,0
T=0,0.2,0.21,0
T=0,0.21,0.22,0
T=0,0.22,0.23,0
T=0,0.23,0.24,1
T=0,0.24,0.25,0
T=0,0.25,0.26,0
T=0,0.26,0.27,0
T=0,0.27,0.28,1
T=0,0.28,0.29,0
T=0,0.29,0.3,0
T=0,0.3,0.31,0
T=0,0.31,0.32,0
T=0,0.32,0.33,7
T=0,0.33,0.34,20
T=0,0.34,0.35000000000000003,35
T=0,0.35000000000000003,0.36,34
T=0,0.36,0.37,28
T=0,0.37,0.38,44
T=0,0.38,0.39,52
T=0,0.39,0.4,33
T=0,0.4,0.41000000000000003,48
T=0,0.41000000000000003,0.42,53
T=0,0.42,0.43,62
T=0,0.43,0.44,63
T=0,0.44,0.45,55
T=0,0.45,0.46,99
T=0,0.46,0.47000000000000003,80
T=0,0.47000000000000003,0.48,101
T=0,0.48,0.49,93
T=0,0.49,0.5,131
T=0,0.5,0.51,143
T=0,0.51,0.52,145
T=0,0.52,0.53,195
T=0,0.53,0.54,203
T=0,0.54,0.55,251
T=0,0.55,0.56,354
T=0,0.56,0.5700000000000001,364
T=0,0.5700000000000001,0.58,401
T=0,0.58,0.59,437
T=0,0.59,0.6,631
T=0,0.6,0.61,868
T=0,0.61,0.62,1140
T=0,0.62,0.63,1244
T=0,0.63,0.64,1396
T=0,0.64,0.65,1384
T=0,0.65,0.66,1714
T=0,0.66,0.67,2066
T=0,0.67,0.68,2284
T=0,0.68,0.6900000000000001,2848
T=0,0.6900000000000001,0.7000000000000001,3942
T=0,0.7000000000000001,0.71,4604
T=0,0.71,0.72,4604
T=0,0.72,0.73,4945
T=0,0.73,0.74,5284
T=0,0.74,0.75,6532
T=0,0.75,0.76,7326
T=0,0.76,0.77,8972
T=0,0.77,0.78,10925
T=0,0.78,0.79,11270
T=0,0.79,0.8,11607
T=0,0.8,0.81,12641
T=0,0.81,0.8200000000000001,13978
T=0,0.8200000000000001,0.8300000000000001,15913
T=0,0.8300000000000001,0.84,17449
T=0,0.84,0.85,17342
T=0,0.85,0.86,16672
T=0,0.86,0.87,17384
T=0,0.87,0.88,16978
T=0,0.88,0.89,15733
T=0,0.89,0.9,12959
T=0,0.9,0.91,11425
T=0,0.91,0.92,10366
T=0,0.92,0.93,9564
T=0,0.93,0.9400000000000001,8655
T=0,0.9400000000000001,0.9500000000000001,6676
T=0,0.9500000000000001,0.96,4510
T=0,0.96,0.97,2127
T=0,0.97,0.98,34
T=0,0.98,0.99,0
T=0,0.99,1.0,0
T=1,0.0,0.01,0
T=1,0.01,0.02,0
T=1,0.02,0.03,0
T=1,0.03,0.04,0
T=1,0.04,0.05,0
T=1,0.05,0.06,0
T=1,0.06,0.07,0
T=1,0.07,0.08,0
T=1,0.08,0.09,0
T=1,0.09,0.1,0
T=1,0.1,0.11,0
T=1,0.11,0.12,0
T=1,0.12,0.13,0
T=1,0.13,0.14,0
T=1,0.14,0.15,0
T=1,0.15,0.16,0
T=1,0.16,0.17,0
T=1,0.17,0.18,0
T=1,0.18,0.19,0
T=1,0.19,0.2,0
T=1,0.2,0.21,0
T=1,0.21,0.22,0
T=1,0.22,0.23,0
T=1,0.23,0.24,0
T=1,0.24,0.25,0
T=1,0.25,0.26,0
T=1,0.26,0.27,0
T=1,0.27,0.28,0
T=1,0.28,0.29,0
T=1,0.29,0.3,0
T=1,0.3,0.31,1
T=1,0.31,0.32,0
T=1,0.32,0.33,2
T=1,0.33,0.34,8
T=1,0.34,0.35000000000000003,12
T=1,0.35000000000000003,0.36,15
T=1,0.36,0.37,13
T=1,0.37,0.38,26
T=1,0.38,0.39,22
T=1,0.39,0.4,29
T=1,0.4,0.41000000000000003,30
T=1,0.41000000000000003,0.42,28
T=1,0.42,0.43,45
T=1,0.43,0.44,47
T=1,0.44,0.45,67
T=1,0.45,0.46,85
T=1,0.46,0.47000000000000003,71
T=1,0.47000000000000003,0.48,88
T=1,0.48,0.49,134
T=1,0.49,0.5,145
T=1,0.5,0.51,207
T=1,0.51,0.52,217
T=1,0.52,0.53,254
T=1,0.53,0.54,268
T=1,0.54,0.55,335
T=1,0.55,0.56,418
T=1,0.56,0.5700000000000001,505
T=1,0.5700000000000001,0.58,573
T=1,0.58,0.59,668
T=1,0.59,0.6,971
T=1,0.6,0.61,1403
T=1,0.61,0.62,1751
T=1,0.62,0.63,2007
T=1,0.63,0.64,2363
T=1,0.64,0.65,2457
T=1,0.65,0.66,3168
T=1,0.66,0.67,3853
T=1,0.67,0.68,4557
T=1,0.68,0.6900000000000001,5733
T=1,0.6900000000000001,0.7000000000000001,8173
T=1,0.7000000000000001,0.71,10728
T=1,0.71,0.72,11568
T=1,0.72,0.73,13129
T=1,0.73,0.74,15060
T=1,0.74,0.75,18952
T=1,0.75,0.76,21885
T=1,0.76,0.77,28888
T=1,0.77,0.78,36636
T=1,0.78,0.79,41717
T=1,0.79,0.8,45343
T=1,0.8,0.81,51100
T=1,0.81,0.8200000000000001,60242
T=1,0.8200000000000001,0.8300000000000001,74048
T=1,0.8300000000000001,0.84,89003
T=1,0.84,0.85,97242
T=1,0.85,0.86,101099
T=1,0.86,0.87,110858
T=1,0.87,0.88,122440
T=1,0.88,0.89,126882
T=1,0.89,0.9,113895
T=1,0.9,0.91,110103
T=1,0.91,0.92,112980
T=1,0.92,0.93,115131
T=1,0.93,0.9400000000000001,120270
T=1,0.9400000000000001,0.9500000000000001,111218
T=1,0.9500000000000001,0.96,88089
T=1,0.96,0.97,52203
T=1,0.97,0.98,587
T=1,0.98,0.99,0
T=1,0.99,1.0,0
