ano,n_bruto,n_valido_dtnasc,n_apos_regras_basicas,colunas_presentes,colunas_ausentes,tratamento_presente,outcome_presente,covariaveis_presentes,duplicidade_contador,duplicidade_chave_uf_contador,chave_temporal,chave_temporal_unica,contador_isolado_unico_no_ano,contador_ausente,dominio_mesprenat,dominio_peso,missing_outcome,missing_tratamento,missing_covariaveis,categorias_inesperadas,schema_compativel,criterios_aprovados,criterios_total,veredito,veredito_v1,veredito_v1_1,admitido_janela_principal,admitido_janela_sensibilidade,observacoes
2014,2979259,2979259,2691119,61,OPORT_DN,True,True,True,2353572,0,"(ano, UF_res, CONTADOR)",True,False,0,01;02;03;04;05;06;07;08;09;10;99;<AUSENTE>,1300-4390 g (p01-p99),1604,225445,"{""QTDFILMORT"": 225285, ""RACACORMAE"": 92723, ""ESCMAE2010"": 36999, ""ESTCIVMAE"": 26001, ""IDADEMAE"": 68, ""PARIDADE"": 0, ""CODMUNRES"": 0}","{""MESPRENAT"": 2607}",True,14,15,APROVADO_COM_HARMONIZACAO,NAO_APROVADO,APROVADO_COM_HARMONIZACAO,True,False,C08_contador_utilizavel=HARMONIZACAO; C12_ignorados_quantificados=ALERTA
2015,3017668,3017668,2745846,61,OPORT_DN,True,True,True,2383642,0,"(ano, UF_res, CONTADOR)",True,False,0,01;02;03;04;05;06;07;08;09;99;<AUSENTE>,1300-4390 g (p01-p99),1180,207019,"{""QTDFILMORT"": 217413, ""RACACORMAE"": 101782, ""ESCMAE2010"": 34824, ""ESTCIVMAE"": 25286, ""IDADEMAE"": 58, ""PARIDADE"": 0, ""CODMUNRES"": 0}",{},True,14,15,APROVADO_COM_HARMONIZACAO,NAO_APROVADO,APROVADO_COM_HARMONIZACAO,True,False,C08_contador_utilizavel=HARMONIZACAO; C12_ignorados_quantificados=ALERTA
2016,2857800,2857800,2626594,61,OPORT_DN,True,True,True,2256363,0,"(ano, UF_res, CONTADOR)",True,False,0,01;02;03;04;05;06;07;08;09;99;<AUSENTE>,1280-4385 g (p01-p99),1023,169977,"{""QTDFILMORT"": 187331, ""RACACORMAE"": 100122, ""ESCMAE2010"": 29511, ""ESTCIVMAE"": 24210, ""IDADEMAE"": 51, ""PARIDADE"": 0, ""CODMUNRES"": 0}",{},True,14,15,APROVADO_COM_HARMONIZACAO,NAO_APROVADO,APROVADO_COM_HARMONIZACAO,True,False,C08_contador_utilizavel=HARMONIZACAO; C12_ignorados_quantificados=ALERTA
2017,2923535,2923535,2695676,61,OPORT_DN,True,True,True,2311732,0,"(ano, UF_res, CONTADOR)",True,False,0,01;02;03;04;05;06;07;08;09;99;<AUSENTE>,1265-4395 g (p01-p99),993,164262,"{""QTDFILMORT"": 157597, ""RACACORMAE"": 87025, ""ESCMAE2010"": 30272, ""ESTCIVMAE"": 24807, ""IDADEMAE"": 31, ""PARIDADE"": 0, ""CODMUNRES"": 0}",{},True,14,15,APROVADO_COM_HARMONIZACAO,NAO_APROVADO,APROVADO_COM_HARMONIZACAO,True,False,C08_contador_utilizavel=HARMONIZACAO
2018,2944932,2944932,2734473,61,OPORT_DN,True,True,True,0,0,"(ano, UF_res, CONTADOR)",True,True,0,01;02;03;04;05;06;07;08;09;99;<AUSENTE>,1280-4390 g (p01-p99),945,144704,"{""QTDFILMORT"": 120577, ""RACACORMAE"": 77909, ""ESCMAE2010"": 30039, ""ESTCIVMAE"": 24119, ""IDADEMAE"": 65, ""PARIDADE"": 0, ""CODMUNRES"": 0}",{},True,15,15,APROVADO,APROVADO,APROVADO,True,True,todos os critérios OK
2019,2849146,2849146,2645383,61,OPORT_DN,True,True,True,0,0,"(ano, UF_res, CONTADOR)",True,True,0,01;02;03;04;05;06;07;08;09;99;<AUSENTE>,1255-4380 g (p01-p99),746,139488,"{""QTDFILMORT"": 89305, ""RACACORMAE"": 63693, ""ESCMAE2010"": 23317, ""ESTCIVMAE"": 22056, ""IDADEMAE"": 44, ""PARIDADE"": 0, ""CODMUNRES"": 0}",{},True,15,15,APROVADO,APROVADO,APROVADO,True,True,todos os critérios OK
2020,2730145,2730145,2535311,61,OPORT_DN,True,True,True,0,0,"(ano, UF_res, CONTADOR)",True,True,0,01;02;03;04;05;06;07;08;09;99;<AUSENTE>,1260-4400 g (p01-p99),637,133814,"{""QTDFILMORT"": 84034, ""RACACORMAE"": 61233, ""ESTCIVMAE"": 22798, ""ESCMAE2010"": 21089, ""IDADEMAE"": 56, ""PARIDADE"": 0, ""CODMUNRES"": 0}",{},True,15,15,APROVADO,APROVADO,APROVADO,True,True,todos os critérios OK
2021,2677101,2677101,2481267,61,OPORT_DN,True,True,True,0,0,"(ano, UF_res, CONTADOR)",True,True,0,01;02;03;04;05;06;07;08;09;99;<AUSENTE>,1250-4370 g (p01-p99),563,135661,"{""QTDFILMORT"": 72295, ""RACACORMAE"": 53344, ""ESTCIVMAE"": 26025, ""ESCMAE2010"": 21505, ""IDADEMAE"": 42, ""PARIDADE"": 0, ""CODMUNRES"": 0}",{},True,15,15,APROVADO,APROVADO,APROVADO,True,True,todos os critérios OK
2022,2561922,2561922,2397626,61,OPORT_DN,True,True,True,0,0,"(ano, UF_res, CONTADOR)",True,True,0,01;02;03;04;05;06;07;08;09;99;<AUSENTE>,1220-4322 g (p01-p99),397,104111,"{""QTDFILMORT"": 53060, ""RACACORMAE"": 44300, ""ESCMAE2010"": 18934, ""ESTCIVMAE"": 18485, ""IDADEMAE"": 34, ""PARIDADE"": 0, ""CODMUNRES"": 0}",{},True,15,15,APROVADO,APROVADO,APROVADO,True,True,todos os critérios OK
2023,2537576,2537576,2389346,62,,True,True,True,0,0,"(ano, UF_res, CONTADOR)",True,True,0,01;02;03;04;05;06;07;08;09;99;<AUSENTE>,1225-4315 g (p01-p99),268,87947,"{""QTDFILMORT"": 49690, ""RACACORMAE"": 36484, ""ESTCIVMAE"": 14763, ""ESCMAE2010"": 13206, ""IDADEMAE"": 29, ""PARIDADE"": 0, ""CODMUNRES"": 0}",{},True,15,15,APROVADO,APROVADO,APROVADO,True,True,todos os critérios OK
2024,2389325,2389325,2251570,62,,True,True,True,0,0,"(ano, UF_res, CONTADOR)",True,True,0,01;02;03;04;05;06;07;08;09;99;<AUSENTE>,1223-4305 g (p01-p99),221,80937,"{""QTDFILMORT"": 42268, ""RACACORMAE"": 28150, ""ESTCIVMAE"": 13758, ""ESCMAE2010"": 10756, ""IDADEMAE"": 32, ""PARIDADE"": 0, ""CODMUNRES"": 0}",{},True,15,15,APROVADO,APROVADO,APROVADO,True,True,todos os critérios OK
