ano,variavel,categoria,n,n_t1,n_y1,pct,pct_t1_no_nivel,prevalencia_y_no_nivel,pct_menos_2024
2014,ESCOLARIDADE_MAE,0,14784,8279,1298,0.549363,55.999729,8.779762,0.328583
2014,ESCOLARIDADE_MAE,1,158103,104422,11758,5.874991,66.046818,7.436924,3.926750
2014,ESCOLARIDADE_MAE,2,708801,496538,51892,26.338523,70.053231,7.321096,9.516572
2014,ESCOLARIDADE_MAE,3,1298773,1045922,87609,48.261448,80.531548,6.745521,-7.429159
2014,ESCOLARIDADE_MAE,4,128165,110175,8714,4.762517,85.963407,6.799048,-0.411562
2014,ESCOLARIDADE_MAE,5,345494,320780,22861,12.838303,92.846764,6.616902,-6.828330
2014,ESCOLARIDADE_MAE,IGNORADO,36999,27876,2295,1.374856,75.342577,6.202870,0.897144
2014,RACA_COR_MAE,1,990484,844577,68771,36.805656,85.269121,6.943171,3.377470
2014,RACA_COR_MAE,2,138180,100956,10942,5.134667,73.061224,7.918657,-2.805171
2014,RACA_COR_MAE,3,10673,8661,753,0.396601,81.148693,7.055186,-0.064855
2014,RACA_COR_MAE,4,1439891,1076046,97606,53.505289,74.731073,6.778708,-2.225379
2014,RACA_COR_MAE,5,19168,10385,1207,0.712269,54.178840,6.296953,-0.477346
2014,RACA_COR_MAE,IGNORADO,92723,73367,7148,3.445518,79.124920,7.708983,2.195280
2014,SITUACAO_CONJUGAL,1,1077620,785814,80580,40.043566,72.921252,7.477590,-11.882868
2014,SITUACAO_CONJUGAL,2,891987,788067,57193,33.145580,88.349606,6.411865,1.532572
2014,SITUACAO_CONJUGAL,3,4834,3757,354,0.179628,77.720314,7.323128,0.017785
2014,SITUACAO_CONJUGAL,4,28218,23557,2078,1.048560,83.482174,7.364094,-0.653852
2014,SITUACAO_CONJUGAL,5,662459,493125,44505,24.616489,74.438569,6.718152,10.631225
2014,SITUACAO_CONJUGAL,IGNORADO,26001,19672,1717,0.966178,75.658629,6.603592,0.355138
2014,PARIDADE_CAT,0,1122874,916466,89590,41.725171,81.617884,7.978633,4.811728
2014,PARIDADE_CAT,1,1568245,1197526,96837,58.274829,76.360900,6.174864,-4.811728
2014,PERDAS_FETAIS_CAT,0,2011672,1582189,135574,74.752250,78.650446,6.739369,-2.130992
2014,PERDAS_FETAIS_CAT,1,366688,292565,27819,13.625856,79.785812,7.586559,-3.142399
2014,PERDAS_FETAIS_CAT,2_OU_MAIS,87474,68265,8574,3.250469,78.040332,9.801770,-1.220766
2014,PERDAS_FETAIS_CAT,IGNORADO,225285,170973,14460,8.371425,75.891870,6.418537,6.494157
2014,UF_RESIDENCIA,11,20487,16500,952,0.761282,80.538878,4.646849,-0.072892
2014,UF_RESIDENCIA,12,12817,7619,752,0.476270,59.444488,5.867208,-0.050562
2014,UF_RESIDENCIA,13,71545,45004,4505,2.658560,62.903068,6.296736,-0.122344
2014,UF_RESIDENCIA,14,10274,6361,625,0.381774,61.913568,6.083317,-0.111437
2014,UF_RESIDENCIA,15,129778,86616,8166,4.822455,66.741667,6.292284,0.010080
2014,UF_RESIDENCIA,16,13855,8653,969,0.514842,62.453988,6.993865,-0.006839
2014,UF_RESIDENCIA,17,22963,17433,1413,0.853288,75.917781,6.153377,-0.084680
2014,UF_RESIDENCIA,21,102195,71607,6217,3.797491,70.068986,6.083468,-0.024020
2014,UF_RESIDENCIA,22,40895,30068,2523,1.519628,73.524881,6.169458,-0.106437
2014,UF_RESIDENCIA,23,113538,89491,7718,4.218988,78.820307,6.797724,-0.017122
2014,UF_RESIDENCIA,24,42265,32698,2756,1.570536,77.364249,6.520762,0.033342
2014,UF_RESIDENCIA,25,52013,42385,3016,1.932765,81.489243,5.798550,-0.071215
2014,UF_RESIDENCIA,26,131896,98099,8689,4.901158,74.376024,6.587766,0.248938
2014,UF_RESIDENCIA,27,44933,33806,2750,1.669677,75.236463,6.120223,-0.275010
2014,UF_RESIDENCIA,28,32501,24596,2026,1.207713,75.677671,6.233654,0.039817
2014,UF_RESIDENCIA,29,173611,122406,11517,6.451257,70.505901,6.633796,-0.080674
2014,UF_RESIDENCIA,31,243532,203042,18567,9.049470,83.373848,7.624049,-0.026109
2014,UF_RESIDENCIA,32,51083,41824,3332,1.898207,81.874596,6.522718,-0.224934
2014,UF_RESIDENCIA,33,206398,160972,15470,7.669598,77.991066,7.495228,0.786090
2014,UF_RESIDENCIA,35,580315,487986,43408,21.564078,84.089848,7.480075,1.615864
2014,UF_RESIDENCIA,41,150914,128152,10708,5.607853,84.917238,7.095432,0.058659
2014,UF_RESIDENCIA,42,86951,72882,5415,3.231035,83.819623,6.227645,-0.796732
2014,UF_RESIDENCIA,43,132808,105832,10036,4.935047,79.687971,7.556774,0.169839
2014,UF_RESIDENCIA,50,41612,31724,2667,1.546271,76.237624,6.409209,-0.074953
2014,UF_RESIDENCIA,51,52672,42056,3211,1.957253,79.845079,6.096218,-0.399370
2014,UF_RESIDENCIA,52,90577,74826,6100,3.365775,82.610376,6.734601,-0.432064
2014,UF_RESIDENCIA,53,38691,31354,2919,1.437729,81.036934,7.544390,0.014766
2015,ESCOLARIDADE_MAE,0,12871,7282,1133,0.468744,56.576801,8.802735,0.247965
2015,ESCOLARIDADE_MAE,1,141027,94110,10650,5.136013,66.731902,7.551745,3.187772
2015,ESCOLARIDADE_MAE,2,697323,494417,51310,25.395561,70.902150,7.358140,8.573610
2015,ESCOLARIDADE_MAE,3,1348366,1092822,92005,49.105667,81.047876,6.823444,-6.584940
2015,ESCOLARIDADE_MAE,4,135771,116496,9244,4.944596,85.803301,6.808523,-0.229482
2015,ESCOLARIDADE_MAE,5,375664,348776,25103,13.681175,92.842540,6.682301,-5.985457
2015,ESCOLARIDADE_MAE,IGNORADO,34824,26348,2343,1.268243,75.660464,6.728119,0.790532
2015,RACA_COR_MAE,1,998075,855759,69242,36.348542,85.740951,6.937555,2.920357
2015,RACA_COR_MAE,2,136900,101485,11172,4.985713,74.130752,8.160701,-2.954125
2015,RACA_COR_MAE,3,10102,8252,739,0.367901,81.686795,7.315383,-0.093555
2015,RACA_COR_MAE,4,1479638,1123258,101860,53.886416,75.914379,6.884116,-1.844252
2015,RACA_COR_MAE,5,19349,10856,1333,0.704664,56.106259,6.889245,-0.484950
2015,RACA_COR_MAE,IGNORADO,101782,80641,7442,3.706763,79.229137,7.311705,2.456524
2015,SITUACAO_CONJUGAL,1,1127236,833210,85070,41.052412,73.916199,7.546778,-10.874022
2015,SITUACAO_CONJUGAL,2,914857,812114,59482,33.317855,88.769502,6.501781,1.704848
2015,SITUACAO_CONJUGAL,3,4799,3747,330,0.174773,78.078766,6.876433,0.012930
2015,SITUACAO_CONJUGAL,4,30022,25261,2284,1.093361,84.141629,7.607754,-0.609051
2015,SITUACAO_CONJUGAL,5,643646,486830,42960,23.440717,75.636297,6.674476,9.455454
2015,SITUACAO_CONJUGAL,IGNORADO,25286,19089,1662,0.920882,75.492367,6.572807,0.309842
2015,PARIDADE_CAT,0,1136261,935081,91092,41.381090,82.294561,8.016820,4.467647
2015,PARIDADE_CAT,1,1609585,1245170,100696,58.618910,77.359692,6.256023,-4.467647
2015,PERDAS_FETAIS_CAT,0,2062714,1639431,139395,75.121256,79.479317,6.757844,-1.761986
2015,PERDAS_FETAIS_CAT,1,376001,303133,28742,13.693448,80.620264,7.644129,-3.074807
2015,PERDAS_FETAIS_CAT,2_OU_MAIS,89718,71003,8847,3.267408,79.140195,9.860897,-1.203827
2015,PERDAS_FETAIS_CAT,IGNORADO,217413,166684,14804,7.917888,76.666989,6.809160,6.040620
2015,UF_RESIDENCIA,11,22076,17547,1012,0.803978,79.484508,4.584164,-0.030195
2015,UF_RESIDENCIA,12,13214,7822,773,0.481236,59.194793,5.849856,-0.045596
2015,UF_RESIDENCIA,13,72485,46273,4575,2.639806,63.838035,6.311651,-0.141098
2015,UF_RESIDENCIA,14,10555,6724,758,0.384399,63.704405,7.181431,-0.108813
2015,UF_RESIDENCIA,15,127365,86031,8173,4.638461,67.546814,6.416991,-0.173914
2015,UF_RESIDENCIA,16,13884,8667,963,0.505637,62.424373,6.936041,-0.016044
2015,UF_RESIDENCIA,17,23375,18137,1461,0.851286,77.591444,6.250267,-0.086682
2015,UF_RESIDENCIA,21,104583,74473,6497,3.808772,71.209470,6.212291,-0.012740
2015,UF_RESIDENCIA,22,43412,32995,2680,1.581006,76.004331,6.173408,-0.045059
2015,UF_RESIDENCIA,23,113831,90948,7873,4.145571,79.897392,6.916394,-0.090540
2015,UF_RESIDENCIA,24,41948,32604,2903,1.527689,77.724802,6.920473,-0.009505
2015,UF_RESIDENCIA,25,53946,44758,3137,1.964640,82.968153,5.815074,-0.039339
2015,UF_RESIDENCIA,26,135086,101706,9053,4.919650,75.289815,6.701657,0.267429
2015,UF_RESIDENCIA,27,45332,34644,2740,1.650930,76.422836,6.044295,-0.293757
2015,UF_RESIDENCIA,28,33177,26019,2337,1.208261,78.424812,7.044037,0.040365
2015,UF_RESIDENCIA,29,179612,130659,12383,6.541226,72.745140,6.894306,0.009295
2015,UF_RESIDENCIA,31,245074,206117,18749,8.925264,84.103985,7.650342,-0.150315
2015,UF_RESIDENCIA,32,52922,43998,3494,1.927348,83.137448,6.602169,-0.195793
2015,UF_RESIDENCIA,33,216674,169912,16228,7.890974,78.418269,7.489593,1.007466
2015,UF_RESIDENCIA,35,587911,497680,43846,21.410924,84.652269,7.457932,1.462710
2015,UF_RESIDENCIA,41,153241,130769,10639,5.580830,85.335517,6.942659,0.031636
2015,UF_RESIDENCIA,42,92781,78537,5909,3.378959,84.647719,6.368761,-0.648809
2015,UF_RESIDENCIA,43,138450,111027,10282,5.042162,80.192849,7.426508,0.276954
2015,UF_RESIDENCIA,50,41957,32797,2761,1.528017,78.168125,6.580547,-0.093207
2015,UF_RESIDENCIA,51,53435,43146,3488,1.946030,80.744830,6.527557,-0.410592
2015,UF_RESIDENCIA,52,89846,74049,6125,3.272070,82.417692,6.817221,-0.525769
2015,UF_RESIDENCIA,53,39674,32212,2949,1.444873,81.191712,7.433080,0.021911
2016,ESCOLARIDADE_MAE,0,11298,6505,1040,0.430139,57.576562,9.205169,0.209360
2016,ESCOLARIDADE_MAE,1,121477,81724,9526,4.624887,67.275287,7.841814,2.676646
2016,ESCOLARIDADE_MAE,2,650066,465835,49325,24.749390,71.659647,7.587691,7.927439
2016,ESCOLARIDADE_MAE,3,1309501,1070842,89981,49.855478,81.774813,6.871396,-5.835129
2016,ESCOLARIDADE_MAE,4,133582,115451,8902,5.085750,86.427064,6.664072,-0.088329
2016,ESCOLARIDADE_MAE,5,371159,346210,24309,14.130810,93.278083,6.549484,-5.535823
2016,ESCOLARIDADE_MAE,IGNORADO,29511,21717,1846,1.123546,73.589509,6.255295,0.645835
2016,RACA_COR_MAE,1,943707,816985,65687,35.928925,86.571891,6.960529,2.500740
2016,RACA_COR_MAE,2,136419,102814,11566,5.193760,75.366335,8.478291,-2.746077
2016,RACA_COR_MAE,3,9812,8249,736,0.373564,84.070526,7.501019,-0.087892
2016,RACA_COR_MAE,4,1416270,1088537,98017,53.920400,76.859427,6.920785,-1.810268
2016,RACA_COR_MAE,5,20264,11703,1450,0.771493,57.752665,7.155547,-0.418121
2016,RACA_COR_MAE,IGNORADO,100122,79996,7473,3.811857,79.898524,7.463894,2.561618
2016,SITUACAO_CONJUGAL,1,1110532,832890,84747,42.280307,74.999190,7.631207,-9.646127
2016,SITUACAO_CONJUGAL,2,866075,773877,55976,32.973311,89.354502,6.463182,1.360303
2016,SITUACAO_CONJUGAL,3,4591,3667,328,0.174789,79.873666,7.144413,0.012946
2016,SITUACAO_CONJUGAL,4,30339,25746,2248,1.155070,84.861070,7.409605,-0.547342
2016,SITUACAO_CONJUGAL,5,590847,453637,40067,22.494797,76.777406,6.781282,8.509534
2016,SITUACAO_CONJUGAL,IGNORADO,24210,18467,1563,0.921726,76.278397,6.456010,0.310686
2016,PARIDADE_CAT,0,1068552,890824,86355,40.682039,83.367398,8.081497,3.768597
2016,PARIDADE_CAT,1,1558042,1217460,98574,59.317961,78.140384,6.326787,-3.768597
2016,PERDAS_FETAIS_CAT,0,1985749,1594848,134646,75.601673,80.314682,6.780615,-1.281569
2016,PERDAS_FETAIS_CAT,1,365275,297831,28100,13.906793,81.536103,7.692834,-2.861462
2016,PERDAS_FETAIS_CAT,2_OU_MAIS,88239,70892,8937,3.359446,80.340892,10.128175,-1.111790
2016,PERDAS_FETAIS_CAT,IGNORADO,187331,144713,13246,7.132088,77.249895,7.070907,5.254820
2016,UF_RESIDENCIA,11,20174,15925,1009,0.768067,78.938237,5.001487,-0.066107
2016,UF_RESIDENCIA,12,12451,7786,752,0.474036,62.533130,6.039676,-0.052796
2016,UF_RESIDENCIA,13,69855,45157,4505,2.659528,64.643905,6.449073,-0.121376
2016,UF_RESIDENCIA,14,10575,7046,771,0.402613,66.628842,7.290780,-0.090599
2016,UF_RESIDENCIA,15,121405,81891,7784,4.622146,67.452741,6.411598,-0.190230
2016,UF_RESIDENCIA,16,13964,8970,956,0.531639,64.236608,6.846176,0.009959
2016,UF_RESIDENCIA,17,22078,17475,1413,0.840556,79.151191,6.400036,-0.097411
2016,UF_RESIDENCIA,21,100339,72730,6269,3.820118,72.484278,6.247820,-0.001393
2016,UF_RESIDENCIA,22,42030,32088,2704,1.600171,76.345468,6.433500,-0.025894
2016,UF_RESIDENCIA,23,110525,89278,7539,4.207921,80.776295,6.821081,-0.028190
2016,UF_RESIDENCIA,24,37949,29682,2554,1.444799,78.215500,6.730085,-0.092395
2016,UF_RESIDENCIA,25,50950,42486,2964,1.939774,83.387635,5.817468,-0.064205
2016,UF_RESIDENCIA,26,121913,91898,8082,4.641486,75.379984,6.629318,-0.010734
2016,UF_RESIDENCIA,27,43060,32642,2751,1.639385,75.805852,6.388760,-0.305302
2016,UF_RESIDENCIA,28,30459,23962,2149,1.159639,78.669687,7.055386,-0.008257
2016,UF_RESIDENCIA,29,177485,132018,12382,6.757230,74.382624,6.976364,0.225299
2016,UF_RESIDENCIA,31,234263,197949,18400,8.918889,84.498619,7.854420,-0.156690
2016,UF_RESIDENCIA,32,50411,42610,3240,1.919254,84.525203,6.427169,-0.203887
2016,UF_RESIDENCIA,33,200743,159802,15293,7.642711,79.605266,7.618198,0.759203
2016,UF_RESIDENCIA,35,567069,486589,42232,21.589519,85.807724,7.447418,1.641305
2016,UF_RESIDENCIA,41,147732,127458,10356,5.624470,86.276501,7.009991,0.075276
2016,UF_RESIDENCIA,42,91229,77732,5833,3.473281,85.205362,6.393800,-0.554486
2016,UF_RESIDENCIA,43,133330,108100,10222,5.076156,81.077027,7.666692,0.310947
2016,UF_RESIDENCIA,50,40577,32222,2708,1.544852,79.409518,6.673731,-0.076372
2016,UF_RESIDENCIA,51,50266,40334,3159,1.913733,80.241117,6.284566,-0.442889
2016,UF_RESIDENCIA,52,87461,72680,6000,3.329826,83.099896,6.860201,-0.468013
2016,UF_RESIDENCIA,53,38301,31774,2902,1.458200,82.958669,7.576826,0.035238
2017,ESCOLARIDADE_MAE,0,10299,5847,972,0.382056,56.772502,9.437809,0.161277
2017,ESCOLARIDADE_MAE,1,109574,73935,8694,4.064806,67.474948,7.934364,2.116565
2017,ESCOLARIDADE_MAE,2,635238,458225,47971,23.565072,72.134381,7.551658,6.743121
2017,ESCOLARIDADE_MAE,3,1362813,1121273,93845,50.555519,82.276365,6.886125,-5.135088
2017,ESCOLARIDADE_MAE,4,139768,121115,9547,5.184896,86.654313,6.830605,0.010818
2017,ESCOLARIDADE_MAE,5,407712,380304,26841,15.124666,93.277608,6.583324,-4.541966
2017,ESCOLARIDADE_MAE,IGNORADO,30272,23210,1701,1.122984,76.671512,5.619054,0.645273
2017,RACA_COR_MAE,1,967073,843670,67693,35.874972,87.239536,6.999782,2.446786
2017,RACA_COR_MAE,2,146421,112088,12188,5.431699,76.551861,8.323943,-2.508139
2017,RACA_COR_MAE,3,11048,9207,825,0.409842,83.336350,7.467415,-0.051614
2017,RACA_COR_MAE,4,1462880,1136228,101001,54.267649,77.670622,6.904257,-1.463019
2017,RACA_COR_MAE,5,21229,12299,1413,0.787520,57.934900,6.655989,-0.402094
2017,RACA_COR_MAE,IGNORADO,87025,70417,6451,3.228318,80.915829,7.412812,1.978080
2017,SITUACAO_CONJUGAL,1,1149749,873307,87719,42.651602,75.956317,7.629404,-9.274832
2017,SITUACAO_CONJUGAL,2,900072,808636,58043,33.389473,89.841257,6.448706,1.776465
2017,SITUACAO_CONJUGAL,3,4480,3584,353,0.166192,80.000000,7.879464,0.004349
2017,SITUACAO_CONJUGAL,4,33104,28382,2410,1.228041,85.735863,7.280087,-0.474371
2017,SITUACAO_CONJUGAL,5,583464,450935,39513,21.644441,77.285831,6.772140,7.659177
2017,SITUACAO_CONJUGAL,IGNORADO,24807,19065,1533,0.920252,76.853308,6.179707,0.309211
2017,PARIDADE_CAT,0,1073573,903232,87045,39.825743,84.133263,8.107972,2.912301
2017,PARIDADE_CAT,1,1622103,1280677,102526,60.174257,78.951645,6.320560,-2.912301
2017,PERDAS_FETAIS_CAT,0,2062699,1670211,139494,76.518803,80.972115,6.762693,-0.364439
2017,PERDAS_FETAIS_CAT,1,382971,314754,29575,14.206863,82.187424,7.722517,-2.561392
2017,PERDAS_FETAIS_CAT,2_OU_MAIS,92409,74691,9201,3.428046,80.826543,9.956822,-1.043190
2017,PERDAS_FETAIS_CAT,IGNORADO,157597,124253,11301,5.846289,78.842237,7.170822,3.969021
2017,UF_RESIDENCIA,11,20278,16520,951,0.752242,81.467600,4.689812,-0.081932
2017,UF_RESIDENCIA,12,11927,7325,648,0.442449,61.415276,5.433051,-0.084383
2017,UF_RESIDENCIA,13,72445,46490,4586,2.687452,64.172821,6.330320,-0.093452
2017,UF_RESIDENCIA,14,10873,7200,721,0.403350,66.219075,6.631105,-0.089862
2017,UF_RESIDENCIA,15,124244,84411,8070,4.609011,67.939699,6.495283,-0.203364
2017,UF_RESIDENCIA,16,14132,9376,981,0.524247,66.345882,6.941693,0.002567
2017,UF_RESIDENCIA,17,23552,18935,1452,0.873696,80.396569,6.165082,-0.064272
2017,UF_RESIDENCIA,21,101852,73818,6475,3.778347,72.475749,6.357263,-0.043164
2017,UF_RESIDENCIA,22,42293,32389,2626,1.568920,76.582413,6.209065,-0.057145
2017,UF_RESIDENCIA,23,112154,91770,7793,4.160515,81.824991,6.948482,-0.075596
2017,UF_RESIDENCIA,24,41352,33435,2891,1.534012,80.854614,6.991198,-0.003182
2017,UF_RESIDENCIA,25,53178,44557,3153,1.972715,83.788409,5.929144,-0.031265
2017,UF_RESIDENCIA,26,127006,97044,8316,4.711471,76.408989,6.547722,0.059251
2017,UF_RESIDENCIA,27,42673,32196,2738,1.583017,75.448176,6.416235,-0.361671
2017,UF_RESIDENCIA,28,32048,25453,2287,1.188867,79.421493,7.136171,0.020971
2017,UF_RESIDENCIA,29,180871,135188,12586,6.709671,74.742772,6.958551,0.177740
2017,UF_RESIDENCIA,31,242259,206858,19042,8.986948,85.387127,7.860183,-0.088630
2017,UF_RESIDENCIA,32,52464,44395,3431,1.946228,84.619930,6.539722,-0.176913
2017,UF_RESIDENCIA,33,203496,164303,15331,7.548978,80.740162,7.533809,0.665470
2017,UF_RESIDENCIA,35,582454,505081,43568,21.606974,86.716033,7.480076,1.658760
2017,UF_RESIDENCIA,41,150612,131064,10388,5.587170,87.020955,6.897193,0.037975
2017,UF_RESIDENCIA,42,94472,81055,6056,3.504575,85.797908,6.410365,-0.523192
2017,UF_RESIDENCIA,43,133738,109517,10194,4.961205,81.889216,7.622366,0.195996
2017,UF_RESIDENCIA,50,42923,34584,2898,1.592291,80.572187,6.751625,-0.028934
2017,UF_RESIDENCIA,51,54279,43974,3401,2.013558,81.014757,6.265775,-0.343064
2017,UF_RESIDENCIA,52,89417,74920,6026,3.317053,83.787199,6.739211,-0.480786
2017,UF_RESIDENCIA,53,38684,32051,2962,1.435039,82.853376,7.656912,0.012076
2018,ESCOLARIDADE_MAE,0,9738,5596,1025,0.356120,57.465599,10.525775,0.135341
2018,ESCOLARIDADE_MAE,1,100624,69040,8044,3.679832,68.611862,7.994117,1.731591
2018,ESCOLARIDADE_MAE,2,621559,453281,47073,22.730486,72.926464,7.573376,5.908535
2018,ESCOLARIDADE_MAE,3,1395109,1154494,95741,51.019301,82.752961,6.862618,-4.671306
2018,ESCOLARIDADE_MAE,4,141820,123160,9400,5.186374,86.842476,6.628120,0.012296
2018,ESCOLARIDADE_MAE,5,435584,406378,28907,15.929358,93.294979,6.636378,-3.737274
2018,ESCOLARIDADE_MAE,IGNORADO,30039,23073,1722,1.098530,76.810147,5.732548,0.620819
2018,RACA_COR_MAE,1,959686,842654,66698,35.095830,87.805178,6.949982,1.667644
2018,RACA_COR_MAE,2,157796,122065,12917,5.770618,77.356207,8.185886,-2.169219
2018,RACA_COR_MAE,3,12162,10323,907,0.444766,84.879132,7.457655,-0.016690
2018,RACA_COR_MAE,4,1504126,1182955,104302,55.006065,78.647334,6.934392,-0.724603
2018,RACA_COR_MAE,5,22794,13852,1677,0.833579,60.770378,7.357199,-0.356035
2018,RACA_COR_MAE,IGNORADO,77909,63173,5411,2.849141,81.085626,6.945282,1.598903
2018,SITUACAO_CONJUGAL,1,1185982,907430,89477,43.371502,76.512966,7.544550,-8.554932
2018,SITUACAO_CONJUGAL,2,923488,833538,59706,33.772065,90.259754,6.465271,2.159057
2018,SITUACAO_CONJUGAL,3,4583,3738,349,0.167601,81.562295,7.615099,0.005758
2018,SITUACAO_CONJUGAL,4,35400,30540,2670,1.294582,86.271186,7.542373,-0.407830
2018,SITUACAO_CONJUGAL,5,560901,440906,38216,20.512216,78.606742,6.813324,6.526952
2018,SITUACAO_CONJUGAL,IGNORADO,24119,18870,1494,0.882035,78.237075,6.194287,0.270994
2018,PARIDADE_CAT,0,1057632,894588,85804,38.677727,84.584052,8.112841,1.764284
2018,PARIDADE_CAT,1,1676841,1340434,106108,61.322273,79.938050,6.327851,-1.764284
2018,PERDAS_FETAIS_CAT,0,2117693,1728186,143558,77.444283,81.607013,6.778981,0.561041
2018,PERDAS_FETAIS_CAT,1,399034,331733,30650,14.592720,83.134019,7.681050,-2.175535
2018,PERDAS_FETAIS_CAT,2_OU_MAIS,97169,79802,9842,3.553482,82.127016,10.128745,-0.917754
2018,PERDAS_FETAIS_CAT,IGNORADO,120577,95301,7862,4.409515,79.037462,6.520315,2.532247
2018,UF_RESIDENCIA,11,23037,18719,1125,0.842466,81.256240,4.883448,0.008292
2018,UF_RESIDENCIA,12,12463,8287,722,0.455773,66.492819,5.793148,-0.071059
2018,UF_RESIDENCIA,13,73175,47330,4574,2.676018,64.680560,6.250769,-0.104886
2018,UF_RESIDENCIA,14,12083,7518,896,0.441877,62.219647,7.415377,-0.051335
2018,UF_RESIDENCIA,15,126895,87352,8306,4.640565,68.838016,6.545569,-0.171810
2018,UF_RESIDENCIA,16,14713,9744,978,0.538056,66.227146,6.647183,0.016376
2018,UF_RESIDENCIA,17,24159,19632,1662,0.883497,81.261642,6.879424,-0.054470
2018,UF_RESIDENCIA,21,108082,80135,6750,3.952571,74.142780,6.245258,0.131060
2018,UF_RESIDENCIA,22,43100,33519,2727,1.576172,77.770302,6.327146,-0.049893
2018,UF_RESIDENCIA,23,114961,95487,7752,4.204137,83.060342,6.743156,-0.031973
2018,UF_RESIDENCIA,24,44069,35488,3045,1.611609,80.528262,6.909619,0.074414
2018,UF_RESIDENCIA,25,56545,47337,3415,2.067857,83.715625,6.039438,0.063878
2018,UF_RESIDENCIA,26,130500,101629,8358,4.772400,77.876628,6.404598,0.120180
2018,UF_RESIDENCIA,27,47867,37837,2921,1.750502,79.046107,6.102325,-0.194186
2018,UF_RESIDENCIA,28,32675,26372,2305,1.194929,80.710023,7.054323,0.027032
2018,UF_RESIDENCIA,29,185366,141474,12972,6.778856,76.321440,6.998047,0.246925
2018,UF_RESIDENCIA,31,245411,211157,19136,8.974709,86.042190,7.797531,-0.100869
2018,UF_RESIDENCIA,32,53883,45121,3757,1.970508,83.738842,6.972515,-0.152633
2018,UF_RESIDENCIA,33,198197,161020,14820,7.248088,81.242400,7.477409,0.364580
2018,UF_RESIDENCIA,35,578882,503959,43121,21.169783,87.057293,7.449014,1.221569
2018,UF_RESIDENCIA,41,149529,131179,10354,5.468293,87.728133,6.924409,-0.080901
2018,UF_RESIDENCIA,42,95466,82507,6098,3.491203,86.425534,6.387614,-0.536564
2018,UF_RESIDENCIA,43,132761,110197,10072,4.855085,83.004045,7.586565,0.089877
2018,UF_RESIDENCIA,50,42750,35402,2884,1.563373,82.811696,6.746199,-0.057852
2018,UF_RESIDENCIA,51,55305,45249,3356,2.022510,81.817196,6.068167,-0.334112
2018,UF_RESIDENCIA,52,93250,79010,6707,3.410163,84.729223,7.192493,-0.387675
2018,UF_RESIDENCIA,53,39349,32361,3099,1.438998,82.240972,7.875677,0.016035
2019,ESCOLARIDADE_MAE,0,8725,5085,936,0.329820,58.280802,10.727794,0.109041
2019,ESCOLARIDADE_MAE,1,88759,61722,7298,3.355242,69.538864,8.222265,1.407001
2019,ESCOLARIDADE_MAE,2,582714,430120,45916,22.027585,73.813226,7.879680,5.205635
2019,ESCOLARIDADE_MAE,3,1372161,1142664,96284,51.870032,83.274776,7.016961,-3.820575
2019,ESCOLARIDADE_MAE,4,135018,117643,9217,5.103911,87.131345,6.826497,-0.070167
2019,ESCOLARIDADE_MAE,5,434689,404754,29308,16.431987,93.113467,6.742292,-3.234645
2019,ESCOLARIDADE_MAE,IGNORADO,23317,17802,1347,0.881422,76.347729,5.776901,0.403711
2019,RACA_COR_MAE,1,914874,806180,64783,34.583801,88.119238,7.081084,1.155616
2019,RACA_COR_MAE,2,163989,128094,13764,6.199065,78.111337,8.393246,-1.740773
2019,RACA_COR_MAE,3,11964,10179,892,0.452260,85.080241,7.455700,-0.009196
2019,RACA_COR_MAE,4,1467687,1169345,104312,55.481078,79.672641,7.107237,-0.249590
2019,RACA_COR_MAE,5,23176,13971,1751,0.876092,60.282188,7.555230,-0.313522
2019,RACA_COR_MAE,IGNORADO,63693,52021,4804,2.407704,81.674595,7.542430,1.157466
2019,SITUACAO_CONJUGAL,1,1187041,919960,91948,44.872179,77.500272,7.745984,-7.054254
2019,SITUACAO_CONJUGAL,2,879776,796516,57966,33.257037,90.536227,6.588723,1.644029
2019,SITUACAO_CONJUGAL,3,4299,3518,321,0.162510,81.832984,7.466853,0.000667
2019,SITUACAO_CONJUGAL,4,36409,31593,2757,1.376322,86.772501,7.572304,-0.326090
2019,SITUACAO_CONJUGAL,5,515802,410892,35810,19.498197,79.660800,6.942586,5.512934
2019,SITUACAO_CONJUGAL,IGNORADO,22056,17311,1504,0.833755,78.486580,6.819006,0.222714
2019,PARIDADE_CAT,0,1000273,852828,83300,37.812029,85.259524,8.327727,0.898587
2019,PARIDADE_CAT,1,1645110,1326962,107006,62.187971,80.660989,6.504489,-0.898587
2019,PERDAS_FETAIS_CAT,0,2058872,1694653,143120,77.828881,82.309779,6.951379,0.945640
2019,PERDAS_FETAIS_CAT,1,399249,334255,31463,15.092295,83.720936,7.880546,-1.675960
2019,PERDAS_FETAIS_CAT,2_OU_MAIS,97957,81433,9957,3.702942,83.131374,10.164664,-0.768294
2019,PERDAS_FETAIS_CAT,IGNORADO,89305,69449,5766,3.375882,77.766083,6.456525,1.498614
2019,UF_RESIDENCIA,11,22335,18502,1057,0.844301,82.838594,4.732483,0.010128
2019,UF_RESIDENCIA,12,14057,9259,813,0.531379,65.867539,5.783595,0.004546
2019,UF_RESIDENCIA,13,73201,47111,4912,2.767123,64.358410,6.710291,-0.013781
2019,UF_RESIDENCIA,14,13271,7788,955,0.501666,58.684349,7.196142,0.008455
2019,UF_RESIDENCIA,15,123633,87223,8218,4.673539,70.549934,6.647093,-0.138837
2019,UF_RESIDENCIA,16,13559,9346,961,0.512553,68.928387,7.087543,-0.009127
2019,UF_RESIDENCIA,17,23495,19368,1537,0.888151,82.434561,6.541817,-0.049817
2019,UF_RESIDENCIA,21,104330,79277,6706,3.943852,75.986773,6.427681,0.122341
2019,UF_RESIDENCIA,22,42274,33199,2805,1.598029,78.532904,6.635284,-0.028036
2019,UF_RESIDENCIA,23,113438,95509,7968,4.288150,84.194891,7.024101,0.052040
2019,UF_RESIDENCIA,24,41050,34081,2917,1.551760,83.023143,7.105968,0.014566
2019,UF_RESIDENCIA,25,53756,45554,3494,2.032069,84.742168,6.499740,0.028089
2019,UF_RESIDENCIA,26,125408,99653,8119,4.740637,79.463033,6.474069,0.088416
2019,UF_RESIDENCIA,27,41103,32882,2622,1.553764,79.999027,6.379096,-0.390924
2019,UF_RESIDENCIA,28,31225,25715,2237,1.180358,82.353883,7.164131,0.012462
2019,UF_RESIDENCIA,29,177473,137570,13026,6.708783,77.516017,7.339708,0.176852
2019,UF_RESIDENCIA,31,239187,207110,19106,9.041678,86.589154,7.987892,-0.033901
2019,UF_RESIDENCIA,32,52597,44124,3515,1.988257,83.890716,6.682891,-0.134884
2019,UF_RESIDENCIA,33,187839,152841,14245,7.100635,81.368086,7.583622,0.217127
2019,UF_RESIDENCIA,35,557343,486007,42531,21.068518,87.200700,7.631028,1.120304
2019,UF_RESIDENCIA,41,147164,129907,10635,5.563051,88.273627,7.226632,0.013856
2019,UF_RESIDENCIA,42,93063,80878,6007,3.517941,86.906719,6.454767,-0.509827
2019,UF_RESIDENCIA,43,127749,106713,9940,4.829131,83.533335,7.780883,0.063922
2019,UF_RESIDENCIA,50,42177,35327,2841,1.594363,83.758921,6.735899,-0.026862
2019,UF_RESIDENCIA,51,55446,45477,3607,2.095954,82.020344,6.505429,-0.260669
2019,UF_RESIDENCIA,52,91098,77506,6554,3.443660,85.079804,7.194450,-0.354179
2019,UF_RESIDENCIA,53,38112,31863,2978,1.440699,83.603589,7.813812,0.017736
2020,ESCOLARIDADE_MAE,0,7570,4484,759,0.298583,59.233818,10.026420,0.077803
2020,ESCOLARIDADE_MAE,1,76796,53572,6325,3.029056,69.758842,8.236106,1.080816
2020,ESCOLARIDADE_MAE,2,537363,396459,41786,21.195151,73.778619,7.776122,4.373200
2020,ESCOLARIDADE_MAE,3,1336898,1111135,92270,52.731125,83.112923,6.901798,-2.959482
2020,ESCOLARIDADE_MAE,4,131648,114796,8839,5.192578,87.199198,6.714116,0.018499
2020,ESCOLARIDADE_MAE,5,423947,394357,28475,16.721696,93.020354,6.716641,-2.944937
2020,ESCOLARIDADE_MAE,IGNORADO,21089,16221,1249,0.831811,76.916876,5.922519,0.354100
2020,RACA_COR_MAE,1,862841,760586,59952,34.032945,88.149033,6.948209,0.604759
2020,RACA_COR_MAE,2,166900,131843,13794,6.583019,78.995207,8.264829,-1.356819
2020,RACA_COR_MAE,3,11594,9849,864,0.457301,84.949112,7.452130,-0.004155
2020,RACA_COR_MAE,4,1410024,1124619,98709,55.615425,79.758855,7.000519,-0.115242
2020,RACA_COR_MAE,5,22719,13933,1631,0.896103,61.327523,7.179013,-0.293511
2020,RACA_COR_MAE,IGNORADO,61233,50194,4753,2.415207,81.972139,7.762154,1.164968
2020,SITUACAO_CONJUGAL,1,1182554,921433,89640,46.643351,77.918894,7.580204,-5.283083
2020,SITUACAO_CONJUGAL,2,817254,739694,53794,32.234862,90.509682,6.582287,0.621854
2020,SITUACAO_CONJUGAL,3,4281,3547,331,0.168855,82.854473,7.731838,0.007012
2020,SITUACAO_CONJUGAL,4,37211,32472,2841,1.467709,87.264519,7.634839,-0.234703
2020,SITUACAO_CONJUGAL,5,471213,375989,31709,18.586004,79.791729,6.729229,4.600740
2020,SITUACAO_CONJUGAL,IGNORADO,22798,17889,1388,0.899219,78.467409,6.088253,0.288179
2020,PARIDADE_CAT,0,946443,807665,77670,37.330450,85.336888,8.206516,0.417007
2020,PARIDADE_CAT,1,1588868,1283359,102033,62.669550,80.771908,6.421742,-0.417007
2020,PERDAS_FETAIS_CAT,0,1965540,1619064,134748,77.526584,82.372478,6.855521,0.643342
2020,PERDAS_FETAIS_CAT,1,388538,325714,30047,15.325063,83.830668,7.733349,-1.443192
2020,PERDAS_FETAIS_CAT,2_OU_MAIS,97199,81038,9725,3.833810,83.373286,10.005247,-0.637426
2020,PERDAS_FETAIS_CAT,IGNORADO,84034,65208,5183,3.314544,77.597163,6.167742,1.437276
2020,UF_RESIDENCIA,11,21564,17645,1031,0.850547,81.826192,4.781117,0.016373
2020,UF_RESIDENCIA,12,13969,10282,929,0.550978,73.605842,6.650440,0.024145
2020,UF_RESIDENCIA,13,70775,45986,4682,2.791571,64.974921,6.615330,0.010667
2020,UF_RESIDENCIA,14,11955,7623,816,0.471540,63.764115,6.825596,-0.021672
2020,UF_RESIDENCIA,15,118066,82138,7788,4.656865,69.569563,6.596311,-0.155511
2020,UF_RESIDENCIA,16,13241,8988,850,0.522263,67.880069,6.419455,0.000583
2020,UF_RESIDENCIA,17,22525,18769,1497,0.888451,83.325194,6.645949,-0.049517
2020,UF_RESIDENCIA,21,92183,69023,5927,3.635964,74.876062,6.429602,-0.185547
2020,UF_RESIDENCIA,22,40360,31528,2807,1.591915,78.116947,6.954906,-0.034150
2020,UF_RESIDENCIA,23,108793,90539,7538,4.291111,83.221347,6.928755,0.055000
2020,UF_RESIDENCIA,24,39745,33246,2820,1.567658,83.648258,7.095232,0.030464
2020,UF_RESIDENCIA,25,51299,43210,3161,2.023381,84.231661,6.161913,0.019402
2020,UF_RESIDENCIA,26,121008,95495,7886,4.772906,78.916270,6.516925,0.120685
2020,UF_RESIDENCIA,27,45699,37297,2907,1.802501,81.614477,6.361190,-0.142187
2020,UF_RESIDENCIA,28,30190,24698,2136,1.190781,81.808546,7.075190,0.022885
2020,UF_RESIDENCIA,29,169556,130984,12085,6.687779,77.251174,7.127439,0.155848
2020,UF_RESIDENCIA,31,231164,200502,17921,9.117777,86.735824,7.752505,0.042198
2020,UF_RESIDENCIA,32,51886,43723,3443,2.046534,84.267432,6.635701,-0.076607
2020,UF_RESIDENCIA,33,179444,147204,13847,7.077790,82.033392,7.716614,0.194283
2020,UF_RESIDENCIA,35,526551,460462,38878,20.768695,87.448699,7.383520,0.820481
2020,UF_RESIDENCIA,41,140323,123329,9986,5.534745,87.889370,7.116439,-0.014450
2020,UF_RESIDENCIA,42,93573,81235,5976,3.690790,86.814573,6.386458,-0.336977
2020,UF_RESIDENCIA,43,124862,104459,9498,4.924918,83.659560,7.606798,0.159710
2020,UF_RESIDENCIA,50,39667,33352,2689,1.564581,84.079966,6.778935,-0.056643
2020,UF_RESIDENCIA,51,54100,44357,3619,2.133861,81.990758,6.689464,-0.222762
2020,UF_RESIDENCIA,52,87472,74616,6301,3.450149,85.302725,7.203448,-0.347690
2020,UF_RESIDENCIA,53,35341,30334,2685,1.393951,85.832319,7.597408,-0.029011
2021,ESCOLARIDADE_MAE,0,7995,4848,885,0.322214,60.637899,11.069418,0.101435
2021,ESCOLARIDADE_MAE,1,69955,49657,6042,2.819326,70.984204,8.636981,0.871085
2021,ESCOLARIDADE_MAE,2,505501,381563,41191,20.372697,75.482145,8.148550,3.550746
2021,ESCOLARIDADE_MAE,3,1326853,1122545,95675,53.474818,84.602062,7.210671,-2.215789
2021,ESCOLARIDADE_MAE,4,127365,112769,8944,5.133063,88.540023,7.022337,-0.041015
2021,ESCOLARIDADE_MAE,5,422093,393970,28665,17.011188,93.337250,6.791157,-2.655444
2021,ESCOLARIDADE_MAE,IGNORADO,21505,16743,1476,0.866694,77.856312,6.863520,0.388983
2021,RACA_COR_MAE,1,824626,734426,59599,33.234070,89.061708,7.227398,-0.194116
2021,RACA_COR_MAE,2,169449,137349,14500,6.829132,81.056247,8.557147,-1.110705
2021,RACA_COR_MAE,3,11394,9766,908,0.459201,85.711778,7.969107,-0.002255
2021,RACA_COR_MAE,4,1396855,1140135,101538,56.296037,81.621571,7.269044,0.565370
2021,RACA_COR_MAE,5,25599,16151,1904,1.031691,63.092308,7.437791,-0.157924
2021,RACA_COR_MAE,IGNORADO,53344,44268,4429,2.149869,82.985903,8.302714,0.899631
2021,SITUACAO_CONJUGAL,1,1194520,956724,94279,48.141534,80.092757,7.892626,-3.784899
2021,SITUACAO_CONJUGAL,2,769916,701718,51991,31.029148,91.142151,6.752815,-0.583860
2021,SITUACAO_CONJUGAL,3,4628,3868,386,0.186518,83.578220,8.340536,0.024675
2021,SITUACAO_CONJUGAL,4,37092,32709,2921,1.494881,88.183436,7.875013,-0.207531
2021,SITUACAO_CONJUGAL,5,449086,366067,31423,18.099060,81.513786,6.997101,4.113796
2021,SITUACAO_CONJUGAL,IGNORADO,26025,21009,1878,1.048859,80.726225,7.216138,0.437819
2021,PARIDADE_CAT,0,919281,798574,77483,37.048854,86.869412,8.428652,0.135412
2021,PARIDADE_CAT,1,1561986,1283521,105395,62.951146,82.172375,6.747500,-0.135412
2021,PERDAS_FETAIS_CAT,0,1926278,1616176,137270,77.632838,83.901493,7.126178,0.749597
2021,PERDAS_FETAIS_CAT,1,385870,327568,31018,15.551329,84.890766,8.038459,-1.216926
2021,PERDAS_FETAIS_CAT,2_OU_MAIS,96824,81770,10024,3.902200,84.452202,10.352805,-0.569036
2021,PERDAS_FETAIS_CAT,IGNORADO,72295,56581,4566,2.913632,78.264057,6.315789,1.036365
2021,UF_RESIDENCIA,11,21585,17872,1214,0.869918,82.798240,5.624276,0.035745
2021,UF_RESIDENCIA,12,11793,8496,733,0.475281,72.042737,6.215552,-0.051551
2021,UF_RESIDENCIA,13,73150,50092,5185,2.948091,68.478469,7.088175,0.167187
2021,UF_RESIDENCIA,14,11635,7676,864,0.468914,65.973356,7.425870,-0.024298
2021,UF_RESIDENCIA,15,122973,89155,8344,4.956057,72.499654,6.785229,0.143681
2021,UF_RESIDENCIA,16,13898,9972,979,0.560117,71.751331,7.044179,0.038437
2021,UF_RESIDENCIA,17,22509,18610,1580,0.907158,82.678040,7.019414,-0.030810
2021,UF_RESIDENCIA,21,94996,73043,6063,3.828528,76.890606,6.382374,0.007017
2021,UF_RESIDENCIA,22,40207,32348,2817,1.620422,80.453652,7.006243,-0.005643
2021,UF_RESIDENCIA,23,104597,88928,7663,4.215467,85.019647,7.326214,-0.020643
2021,UF_RESIDENCIA,24,39945,34527,2999,1.609863,86.436350,7.507823,0.072669
2021,UF_RESIDENCIA,25,50838,43822,3312,2.048873,86.199300,6.514812,0.044893
2021,UF_RESIDENCIA,26,119094,96676,8140,4.799725,81.176214,6.834937,0.147505
2021,UF_RESIDENCIA,27,46635,38980,2973,1.879483,83.585290,6.375040,-0.065204
2021,UF_RESIDENCIA,28,29682,24712,2098,1.196244,83.255845,7.068257,0.028348
2021,UF_RESIDENCIA,29,164265,130996,11724,6.620207,79.746751,7.137248,0.088275
2021,UF_RESIDENCIA,31,227658,199784,18429,9.175071,87.756196,8.095037,0.099492
2021,UF_RESIDENCIA,32,50643,43168,3465,2.041014,85.239816,6.842012,-0.082127
2021,UF_RESIDENCIA,33,171399,142116,13766,6.907721,82.915303,8.031552,0.024213
2021,UF_RESIDENCIA,35,501913,444364,39238,20.228093,88.534069,7.817690,0.279879
2021,UF_RESIDENCIA,41,135768,120937,10161,5.471721,89.076218,7.484091,-0.077474
2021,UF_RESIDENCIA,42,91543,79953,6004,3.689365,87.339283,6.558666,-0.338402
2021,UF_RESIDENCIA,43,118589,101020,9221,4.779373,85.184967,7.775595,0.014165
2021,UF_RESIDENCIA,50,40440,34546,2829,1.629813,85.425321,6.995549,0.008588
2021,UF_RESIDENCIA,51,55146,46292,3796,2.222494,83.944438,6.883545,-0.134129
2021,UF_RESIDENCIA,52,86330,74609,6612,3.479271,86.423028,7.658983,-0.318568
2021,UF_RESIDENCIA,53,34036,29401,2669,1.371719,86.382066,7.841697,-0.051244
2022,ESCOLARIDADE_MAE,0,6670,4026,754,0.278192,60.359820,11.304348,0.057413
2022,ESCOLARIDADE_MAE,1,57690,41219,5573,2.406130,71.449125,9.660253,0.457890
2022,ESCOLARIDADE_MAE,2,448057,339119,39774,18.687527,75.686576,8.876996,1.865576
2022,ESCOLARIDADE_MAE,3,1306147,1104515,100695,54.476678,84.562840,7.709316,-1.213929
2022,ESCOLARIDADE_MAE,4,123425,108709,9037,5.147800,88.076970,7.321855,-0.026278
2022,ESCOLARIDADE_MAE,5,436703,406176,30974,18.213975,93.009666,7.092692,-1.452658
2022,ESCOLARIDADE_MAE,IGNORADO,18934,14655,1322,0.789698,77.400444,6.982149,0.311987
2022,RACA_COR_MAE,1,809762,720143,61402,33.773491,88.932674,7.582722,0.345305
2022,RACA_COR_MAE,2,171970,139718,15680,7.172511,81.245566,9.117869,-0.767326
2022,RACA_COR_MAE,3,11109,9542,899,0.463333,85.894320,8.092538,0.001878
2022,RACA_COR_MAE,4,1335801,1095980,104256,55.713485,82.046652,7.804755,-0.017183
2022,RACA_COR_MAE,5,24684,15755,2032,1.029518,63.826770,8.232053,-0.160096
2022,RACA_COR_MAE,IGNORADO,44300,37281,3860,1.847661,84.155756,8.713318,0.597422
2022,SITUACAO_CONJUGAL,1,1176717,944159,98997,49.078422,80.236709,8.412983,-2.848012
2022,SITUACAO_CONJUGAL,2,758131,691023,54076,31.620069,91.148232,7.132804,0.007061
2022,SITUACAO_CONJUGAL,3,4098,3448,370,0.170919,84.138604,9.028795,0.009076
2022,SITUACAO_CONJUGAL,4,37877,33344,3185,1.579771,88.032315,8.408797,-0.122641
2022,SITUACAO_CONJUGAL,5,402318,331628,30139,16.779848,82.429322,7.491338,2.794584
2022,SITUACAO_CONJUGAL,IGNORADO,18485,14817,1362,0.770971,80.156884,7.368136,0.159931
2022,PARIDADE_CAT,0,881397,768082,78162,36.761238,87.143705,8.867968,-0.152205
2022,PARIDADE_CAT,1,1516229,1250337,109967,63.238762,82.463599,7.252664,0.152205
2022,PERDAS_FETAIS_CAT,0,1862377,1565914,140918,77.675876,84.081472,7.566567,0.792635
2022,PERDAS_FETAIS_CAT,1,383533,326824,32773,15.996365,85.214049,8.545027,-0.771890
2022,PERDAS_FETAIS_CAT,2_OU_MAIS,98656,83498,10791,4.114737,84.635501,10.938007,-0.356499
2022,PERDAS_FETAIS_CAT,IGNORADO,53060,42183,3647,2.213022,79.500565,6.873351,0.335755
2022,UF_RESIDENCIA,11,21154,17375,1229,0.882289,82.135766,5.809776,0.048116
2022,UF_RESIDENCIA,12,11817,8333,749,0.492863,70.517052,6.338326,-0.033970
2022,UF_RESIDENCIA,13,68004,47743,5072,2.836306,70.206164,7.458385,0.055402
2022,UF_RESIDENCIA,14,11718,7682,867,0.488733,65.557262,7.398874,-0.004478
2022,UF_RESIDENCIA,15,117785,86597,8520,4.912568,73.521246,7.233519,0.100192
2022,UF_RESIDENCIA,16,12818,8995,1001,0.534612,70.174754,7.809331,0.012932
2022,UF_RESIDENCIA,17,21657,18022,1567,0.903268,83.215588,7.235536,-0.034699
2022,UF_RESIDENCIA,21,90381,72130,6507,3.769604,79.806597,7.199522,-0.051907
2022,UF_RESIDENCIA,22,37809,31221,2943,1.576935,82.575577,7.783861,-0.049131
2022,UF_RESIDENCIA,23,100490,85554,7837,4.191229,85.136830,7.798786,-0.044882
2022,UF_RESIDENCIA,24,37151,32213,2854,1.549491,86.708299,7.682162,0.012297
2022,UF_RESIDENCIA,25,46954,40882,3237,1.958354,87.068194,6.893981,-0.045626
2022,UF_RESIDENCIA,26,110404,89403,8019,4.604722,80.978044,7.263324,-0.047499
2022,UF_RESIDENCIA,27,43553,36648,2935,1.816505,84.145753,6.738916,-0.128182
2022,UF_RESIDENCIA,28,27221,22843,2017,1.135331,83.916829,7.409720,-0.032565
2022,UF_RESIDENCIA,29,157007,126378,12262,6.548436,80.491953,7.809843,0.016505
2022,UF_RESIDENCIA,31,219968,192509,18871,9.174408,87.516821,8.578975,0.098830
2022,UF_RESIDENCIA,32,49559,43277,3693,2.067003,87.324199,7.451724,-0.056138
2022,UF_RESIDENCIA,33,165581,137125,14008,6.906040,82.814453,8.459908,0.022532
2022,UF_RESIDENCIA,35,489985,433756,40570,20.436257,88.524343,8.279845,0.488043
2022,UF_RESIDENCIA,41,134103,119031,10426,5.593158,88.760878,7.774621,0.043963
2022,UF_RESIDENCIA,42,94523,82195,6652,3.942358,86.957672,7.037441,-0.085409
2022,UF_RESIDENCIA,43,115177,98256,9500,4.803793,85.308699,8.248175,0.038585
2022,UF_RESIDENCIA,50,38688,32779,3066,1.613596,84.726530,7.924938,-0.007628
2022,UF_RESIDENCIA,51,55230,45955,3860,2.303529,83.206591,6.988955,-0.053094
2022,UF_RESIDENCIA,52,85658,73186,7036,3.572617,85.439772,8.214061,-0.225222
2022,UF_RESIDENCIA,53,33231,28331,2831,1.385996,85.254732,8.519154,-0.036967
2023,ESCOLARIDADE_MAE,0,5899,3705,755,0.246888,62.807255,12.798779,0.026108
2023,ESCOLARIDADE_MAE,1,51956,38247,5032,2.174486,73.614212,9.685118,0.226246
2023,ESCOLARIDADE_MAE,2,425894,328602,38258,17.824710,77.155818,8.982986,1.002759
2023,ESCOLARIDADE_MAE,3,1320141,1127280,102937,55.251144,85.390879,7.797425,-0.439463
2023,ESCOLARIDADE_MAE,4,121607,107356,8946,5.089552,88.281102,7.356484,-0.084527
2023,ESCOLARIDADE_MAE,5,450643,420513,31755,18.860517,93.313998,7.046598,-0.806116
2023,ESCOLARIDADE_MAE,IGNORADO,13206,10620,875,0.552704,80.417992,6.625776,0.074992
2023,RACA_COR_MAE,1,800897,716605,60623,33.519507,89.475301,7.569388,0.091321
2023,RACA_COR_MAE,2,184619,152021,16965,7.726759,82.343096,9.189195,-0.213079
2023,RACA_COR_MAE,3,11331,9872,917,0.474230,87.123820,8.092843,0.012774
2023,RACA_COR_MAE,4,1329247,1109107,104741,55.632253,83.438744,7.879724,-0.098415
2023,RACA_COR_MAE,5,26768,17837,2225,1.120307,66.635535,8.312164,-0.069308
2023,RACA_COR_MAE,IGNORADO,36484,30881,3087,1.526945,84.642583,8.461243,0.276706
2023,SITUACAO_CONJUGAL,1,1213910,990100,103213,50.805116,81.562884,8.502525,-1.121318
2023,SITUACAO_CONJUGAL,2,751080,689720,53407,31.434543,91.830431,7.110694,-0.178465
2023,SITUACAO_CONJUGAL,3,3976,3419,305,0.166405,85.990946,7.671026,0.004563
2023,SITUACAO_CONJUGAL,4,39408,34895,3287,1.649322,88.548011,8.340946,-0.053090
2023,SITUACAO_CONJUGAL,5,366209,306132,27196,15.326746,83.594887,7.426360,1.341483
2023,SITUACAO_CONJUGAL,IGNORADO,14763,12057,1150,0.617868,81.670392,7.789745,0.006828
2023,PARIDADE_CAT,0,879650,773100,77596,36.815514,87.887228,8.821236,-0.097929
2023,PARIDADE_CAT,1,1509696,1263223,110962,63.184486,83.673998,7.349957,0.097929
2023,PERDAS_FETAIS_CAT,0,1845481,1568993,140320,77.237914,85.018106,7.603438,0.354672
2023,PERDAS_FETAIS_CAT,1,391817,338113,33686,16.398504,86.293601,8.597381,-0.369751
2023,PERDAS_FETAIS_CAT,2_OU_MAIS,102358,87967,11195,4.283934,85.940522,10.937103,-0.187302
2023,PERDAS_FETAIS_CAT,IGNORADO,49690,41250,3357,2.079649,83.014691,6.755886,0.202381
2023,UF_RESIDENCIA,11,20073,16875,1181,0.840104,84.068151,5.883525,0.005931
2023,UF_RESIDENCIA,12,13125,8980,870,0.549313,68.419048,6.628571,0.022481
2023,UF_RESIDENCIA,13,66455,47614,5005,2.781305,71.648484,7.531412,0.000401
2023,UF_RESIDENCIA,14,11723,8150,913,0.490636,69.521454,7.788109,-0.002575
2023,UF_RESIDENCIA,15,117165,87938,8697,4.903643,75.054837,7.422865,0.091268
2023,UF_RESIDENCIA,16,12306,8889,943,0.515036,72.233057,7.662929,-0.006644
2023,UF_RESIDENCIA,17,22308,18812,1621,0.933645,84.328492,7.266451,-0.004323
2023,UF_RESIDENCIA,21,90821,74476,6414,3.801082,82.003061,7.062243,-0.020429
2023,UF_RESIDENCIA,22,38441,32290,2863,1.608850,83.998855,7.447777,-0.017215
2023,UF_RESIDENCIA,23,99638,86172,7552,4.170095,86.485076,7.579438,-0.066016
2023,UF_RESIDENCIA,24,36846,32315,2793,1.542096,87.702871,7.580199,0.004902
2023,UF_RESIDENCIA,25,46825,40679,3309,1.959741,86.874533,7.066738,-0.044238
2023,UF_RESIDENCIA,26,108977,88799,7989,4.560955,81.484166,7.330905,-0.091265
2023,UF_RESIDENCIA,27,44910,38707,3120,1.879594,86.187931,6.947228,-0.065094
2023,UF_RESIDENCIA,28,27838,23806,2127,1.165089,85.516201,7.640635,-0.002807
2023,UF_RESIDENCIA,29,155829,127806,12506,6.521826,82.016826,8.025464,-0.010105
2023,UF_RESIDENCIA,31,218770,194233,18700,9.156062,88.784111,8.547790,0.080484
2023,UF_RESIDENCIA,32,50169,43775,3895,2.099696,87.255078,7.763758,-0.023445
2023,UF_RESIDENCIA,33,165930,139832,14085,6.944578,84.271681,8.488519,0.061070
2023,UF_RESIDENCIA,35,482815,429572,40360,20.206994,88.972381,8.359309,0.258780
2023,UF_RESIDENCIA,41,132727,118606,10351,5.554951,89.360869,7.798715,0.005756
2023,UF_RESIDENCIA,42,93453,81541,6493,3.911238,87.253486,6.947878,-0.116530
2023,UF_RESIDENCIA,43,115684,100315,9553,4.841660,86.714671,8.257840,0.076451
2023,UF_RESIDENCIA,50,38643,32980,2923,1.617304,85.345341,7.564113,-0.003920
2023,UF_RESIDENCIA,51,55763,47160,3994,2.333819,84.572207,7.162455,-0.022804
2023,UF_RESIDENCIA,52,88012,76780,7261,3.683518,87.238104,8.250011,-0.114320
2023,UF_RESIDENCIA,53,34100,29221,3040,1.427169,85.692082,8.914956,0.004206
2024,ESCOLARIDADE_MAE,0,4971,3088,641,0.220779,62.120298,12.894790,0.000000
2024,ESCOLARIDADE_MAE,1,43866,33057,4421,1.948241,75.359048,10.078421,0.000000
2024,ESCOLARIDADE_MAE,2,378758,297945,34056,16.821951,78.663685,8.991493,0.000000
2024,ESCOLARIDADE_MAE,3,1253913,1082131,98263,55.690607,86.300325,7.836509,0.000000
2024,ESCOLARIDADE_MAE,4,116498,103592,8804,5.174079,88.921698,7.557211,0.000000
2024,ESCOLARIDADE_MAE,5,442808,413364,30863,19.666633,93.350617,6.969838,0.000000
2024,ESCOLARIDADE_MAE,IGNORADO,10756,8868,711,0.477711,82.447006,6.610264,0.000000
2024,RACA_COR_MAE,1,752659,677162,57355,33.428186,89.969296,7.620317,0.000000
2024,RACA_COR_MAE,2,178771,149247,16489,7.939838,83.485017,9.223532,0.000000
2024,RACA_COR_MAE,3,10390,9147,846,0.461456,88.036574,8.142445,0.000000
2024,RACA_COR_MAE,4,1254815,1064187,98467,55.730668,84.808279,7.847133,0.000000
2024,RACA_COR_MAE,5,26785,18239,2257,1.189614,68.094083,8.426358,0.000000
2024,RACA_COR_MAE,IGNORADO,28150,24063,2345,1.250239,85.481350,8.330373,0.000000
2024,SITUACAO_CONJUGAL,1,1169160,968869,99698,51.926434,82.868812,8.527319,0.000000
2024,SITUACAO_CONJUGAL,2,711789,656998,50202,31.613008,92.302354,7.052933,0.000000
2024,SITUACAO_CONJUGAL,3,3644,3118,285,0.161843,85.565313,7.821076,0.000000
2024,SITUACAO_CONJUGAL,4,38331,34249,3246,1.702412,89.350656,8.468342,0.000000
2024,SITUACAO_CONJUGAL,5,314888,267445,23290,13.985264,84.933373,7.396281,0.000000
2024,SITUACAO_CONJUGAL,IGNORADO,13758,11366,1038,0.611040,82.613752,7.544701,0.000000
2024,PARIDADE_CAT,0,831132,736386,73419,36.913443,88.600367,8.833615,0.000000
2024,PARIDADE_CAT,1,1420438,1205659,104340,63.086557,84.879382,7.345622,0.000000
2024,PERDAS_FETAIS_CAT,0,1731080,1489901,132143,76.883241,86.067715,7.633558,0.000000
2024,PERDAS_FETAIS_CAT,1,377549,328952,32240,16.768255,87.128293,8.539289,0.000000
2024,PERDAS_FETAIS_CAT,2_OU_MAIS,100673,87421,10854,4.471236,86.836590,10.781441,0.000000
2024,PERDAS_FETAIS_CAT,IGNORADO,42268,35771,2522,1.877268,84.629034,5.966689,0.000000
2024,UF_RESIDENCIA,11,18782,15823,1153,0.834173,84.245554,6.138856,0.000000
2024,UF_RESIDENCIA,12,11862,8352,748,0.526832,70.409712,6.305851,0.000000
2024,UF_RESIDENCIA,13,62614,46367,4674,2.780904,74.052129,7.464784,0.000000
2024,UF_RESIDENCIA,14,11105,7653,958,0.493211,68.914903,8.626745,0.000000
2024,UF_RESIDENCIA,15,108354,83749,7880,4.812375,77.292024,7.272459,0.000000
2024,UF_RESIDENCIA,16,11746,8600,889,0.521680,73.216414,7.568534,0.000000
2024,UF_RESIDENCIA,17,21119,18123,1559,0.937968,85.813722,7.381978,0.000000
2024,UF_RESIDENCIA,21,86044,71826,6168,3.821511,83.475896,7.168425,0.000000
2024,UF_RESIDENCIA,22,36612,30625,2727,1.626065,83.647438,7.448378,0.000000
2024,UF_RESIDENCIA,23,95379,82897,7162,4.236111,86.913262,7.508990,0.000000
2024,UF_RESIDENCIA,24,34611,30698,2690,1.537194,88.694346,7.772096,0.000000
2024,UF_RESIDENCIA,25,45121,39831,3073,2.003979,88.275969,6.810576,0.000000
2024,UF_RESIDENCIA,26,104748,87323,7564,4.652220,83.364838,7.221140,0.000000
2024,UF_RESIDENCIA,27,43786,38136,3001,1.944687,87.096332,6.853789,0.000000
2024,UF_RESIDENCIA,28,26296,22703,1887,1.167896,86.336325,7.175996,0.000000
2024,UF_RESIDENCIA,29,147071,122768,11981,6.531931,83.475328,8.146405,0.000000
2024,UF_RESIDENCIA,31,204343,182626,17908,9.075578,89.372281,8.763696,0.000000
2024,UF_RESIDENCIA,32,47804,42192,3609,2.123141,88.260397,7.549577,0.000000
2024,UF_RESIDENCIA,33,154987,131899,13029,6.883508,85.103267,8.406512,0.000000
2024,UF_RESIDENCIA,35,449148,402207,37400,19.948214,89.548879,8.326877,0.000000
2024,UF_RESIDENCIA,41,124944,112139,9786,5.549195,89.751409,7.832309,0.000000
2024,UF_RESIDENCIA,42,90688,79690,6370,4.027767,87.872706,7.024083,0.000000
2024,UF_RESIDENCIA,43,107292,93336,8841,4.765208,86.992506,8.240130,0.000000
2024,UF_RESIDENCIA,50,36503,31400,2729,1.621224,86.020327,7.476098,0.000000
2024,UF_RESIDENCIA,51,53061,46748,3672,2.356622,88.102373,6.920337,0.000000
2024,UF_RESIDENCIA,52,85511,76654,7375,3.797839,89.642268,8.624621,0.000000
2024,UF_RESIDENCIA,53,32039,27680,2926,1.422963,86.394706,9.132620,0.000000
