ano,n_bruto,n_principal,pct_principal,prevalencia_y_pct,prevalencia_t_pct,prevalencia_t_bruto_conhecido_pct,risco_y_t1_pct,risco_y_t0_pct,diferenca_bruta_pp_nao_causal,peso_medio_g,peso_dp_g,peso_p01_g,peso_p05_g,peso_p25_g,peso_p50_g,peso_p75_g,peso_p95_g,peso_p99_g,mesprenat_medio,mes_1_pct,mes_2_pct,mes_3_pct,mes_4_pct,mes_5_pct,mes_6_pct,mes_7_pct,mes_8_pct,mes_9_pct,idade_media,idade_dp,pct_principal_menos_2024,prevalencia_y_pct_menos_2024,prevalencia_t_pct_menos_2024,risco_y_t1_pct_menos_2024,risco_y_t0_pct_menos_2024,diferenca_bruta_pp_nao_causal_menos_2024,peso_medio_g_menos_2024,mesprenat_medio_menos_2024,idade_media_menos_2024
2014,2979259,2691119,90.328468,6.927490,78.554386,78.629421,6.773772,7.490552,-0.716780,3183.640728,554.849401,1300.000000,2270.000000,2900.000000,3210.000000,3520.000000,4000.000000,4390.000000,2.643757,21.503740,35.203358,21.922323,10.252944,5.480617,2.853570,1.537250,0.814507,0.431692,26.138238,6.639773,-3.906097,-0.967401,-7.698540,-0.925380,-1.632459,0.707079,33.368008,0.295718,-1.600808
2015,3017668,2745846,90.992316,6.984660,79.401795,79.472677,6.826187,7.595541,-0.769354,3184.792219,557.214893,1300.000000,2270.000000,2900.000000,3215.000000,3522.000000,4000.000000,4390.000000,2.616263,21.387943,36.259384,21.825351,9.982463,5.256686,2.659742,1.425045,0.733994,0.469393,26.302113,6.663521,-3.242248,-0.910231,-6.851131,-0.872966,-1.527470,0.654504,34.519499,0.268224,-1.436933
2016,2857800,2626594,91.909651,7.040639,80.266840,80.327760,6.861267,7.770253,-0.908986,3184.244028,558.476050,1280.000000,2265.000000,2900.000000,3215.000000,3525.000000,4000.000000,4385.000000,2.578511,22.066818,36.884869,21.376073,9.585639,5.019713,2.577811,1.355930,0.711468,0.421680,26.417102,6.689859,-2.324913,-0.854252,-5.986086,-0.837885,-1.352758,0.514873,33.971308,0.230472,-1.321944
2017,2923535,2695676,92.206045,7.032410,81.015263,81.087011,6.878034,7.691195,-0.813162,3189.626319,562.004595,1265.000000,2260.000000,2908.000000,3225.000000,3530.000000,4004.000000,4395.000000,2.541247,22.894545,37.530610,20.661855,9.116858,4.901508,2.504029,1.317956,0.695219,0.377418,26.664852,6.695610,-2.028519,-0.862481,-5.237663,-0.821118,-1.431816,0.610697,39.353600,0.193208,-1.074194
2018,2944932,2734473,92.853519,7.018244,81.735018,81.801375,6.846510,7.786750,-0.940240,3190.505925,560.936416,1280.000000,2260.000000,2910.000000,3225.000000,3532.000000,4005.000000,4390.000000,2.515409,22.775503,38.691314,20.334558,8.848172,4.691225,2.405518,1.266718,0.652733,0.334258,26.924741,6.727464,-1.381045,-0.876647,-4.517908,-0.852642,-1.336261,0.483619,40.233205,0.167370,-0.814305
2019,2849146,2645383,92.848278,7.193892,82.399789,82.463322,7.023199,7.993033,-0.969833,3183.932905,562.586616,1255.000000,2250.000000,2900.000000,3220.000000,3530.000000,4000.000000,4380.000000,2.489739,22.900528,39.827978,19.734815,8.502623,4.511270,2.323651,1.223439,0.641151,0.334544,27.104038,6.749854,-1.386286,-0.700999,-3.853137,-0.675953,-1.129979,0.454026,33.660185,0.141700,-0.635008
2020,2730145,2535311,92.863602,7.088006,82.476035,82.544714,6.944110,7.765251,-0.821141,3194.066440,565.823143,1260.000000,2252.000000,2910.000000,3230.000000,3540.000000,4014.000000,4400.000000,2.490797,22.725492,40.552495,19.266727,8.245289,4.532550,2.359175,1.268136,0.678111,0.372025,27.214058,6.748430,-1.370962,-0.806885,-3.776890,-0.755043,-1.357760,0.602718,43.793720,0.142758,-0.524988
2021,2677101,2481267,92.684848,7.370347,83.912574,83.975109,7.207596,8.219264,-1.011668,3178.847206,563.500315,1250.000000,2240.000000,2900.000000,3215.000000,3525.000000,3995.000000,4370.000000,2.437587,23.268068,42.214335,18.492705,7.505233,4.127542,2.175892,1.209669,0.656793,0.349762,27.263485,6.758611,-1.549716,-0.524544,-2.340352,-0.491556,-0.903747,0.412191,28.574486,0.089548,-0.475561
2022,2561922,2397626,93.587002,7.846470,84.184064,84.246429,7.637314,8.959750,-1.322436,3153.009126,560.167986,1220.000000,2215.000000,2875.000000,3195.000000,3500.000000,3960.000000,4322.000000,2.431005,23.229085,42.635459,18.381885,7.297835,4.058408,2.186783,1.185486,0.673119,0.351939,27.536834,6.718441,-0.647562,-0.048421,-2.068862,-0.061838,-0.163261,0.101423,2.736406,0.082966,-0.202212
2023,2537576,2389346,94.158599,7.891616,85.225120,85.275811,7.692787,9.038505,-1.345717,3151.106499,558.924279,1225.000000,2214.000000,2875.000000,3190.000000,3496.000000,3955.000000,4315.000000,2.392067,23.541442,43.745073,17.989296,6.803316,3.834581,2.041697,1.096942,0.636586,0.311068,27.638291,6.711442,-0.075966,-0.003276,-1.027806,-0.006365,-0.084506,0.078142,0.833779,0.044028,-0.100755
2024,2389325,2251570,94.234564,7.894891,86.252926,86.311660,7.699152,9.123011,-1.423859,3150.272720,556.848545,1223.000000,2215.000000,2875.000000,3190.000000,3495.000000,3950.000000,4305.000000,2.348039,24.256061,44.668574,17.387025,6.378607,3.503657,1.855451,1.028293,0.614845,0.307487,27.739046,6.674530,0.000000,0.000000,0.000000,0.000000,0.000000,0.000000,0.000000,0.000000,0.000000
