ano,uf,n_bruto,n_principal,n_t1,n_y1,pct_principal,pct_t1,prevalencia_y,participacao_bruto_pct,pct_t1_menos_2024,prevalencia_y_menos_2024,participacao_bruto_pct_menos_2024
2014,11,27560,20487,16500.000000,952.000000,74.335994,80.538878,4.646849,0.925062,-3.706676,-1.492007,0.016186
2014,12,17139,12817,7619.000000,752.000000,74.782659,59.444488,5.867208,0.575277,-10.965224,-0.438643,0.026963
2014,13,81145,71545,45004.000000,4505.000000,88.169327,62.903068,6.296736,2.723664,-11.149061,-1.168048,-0.036530
2014,14,11120,10274,6361.000000,625.000000,92.392086,61.913568,6.083317,0.373247,-7.001335,-2.543428,-0.132753
2014,15,143503,129778,86616.000000,8166.000000,90.435740,66.741667,6.292284,4.816735,-10.550358,-0.980175,-0.145587
2014,16,16271,13855,8653.000000,969.000000,85.151497,62.453988,6.993865,0.546143,-10.762426,-0.574669,0.030223
2014,17,24944,22963,17433.000000,1413.000000,92.058210,75.917781,6.153377,0.837255,-9.895941,-1.228601,-0.080159
2014,21,117071,102195,71607.000000,6217.000000,87.293181,70.068986,6.083468,3.929534,-13.406910,-1.084958,0.071834
2014,22,47941,40895,30068.000000,2523.000000,85.302768,73.524881,6.169458,1.609159,-10.122557,-1.278919,-0.052273
2014,23,128681,113538,89491.000000,7718.000000,88.232140,78.820307,6.797724,4.319228,-8.092955,-0.711266,-0.094278
2014,24,48111,42265,32698.000000,2756.000000,87.848933,77.364249,6.520762,1.614865,-11.330096,-1.251334,0.082549
2014,25,57535,52013,42385.000000,3016.000000,90.402364,81.489243,5.798550,1.931185,-6.786726,-1.012026,-0.135340
2014,26,143489,131896,98099.000000,8689.000000,91.920635,74.376024,6.587766,4.816265,-8.988814,-0.633374,0.177842
2014,27,51859,44933,33806.000000,2750.000000,86.644555,75.236463,6.120223,1.740668,-11.859869,-0.733565,-0.160957
2014,28,34369,32501,24596.000000,2026.000000,94.564870,75.677671,6.233654,1.153609,-10.658653,-0.942342,0.000773
2014,29,204034,173611,122406.000000,11517.000000,85.089250,70.505901,6.633796,6.848481,-12.969427,-1.512609,0.151946
2014,31,267130,243532,203042.000000,18567.000000,91.166099,83.373848,7.624049,8.966324,-5.998433,-1.139647,-0.233723
2014,32,56548,51083,41824.000000,3332.000000,90.335644,81.874596,6.522718,1.898056,-6.385800,-1.026860,-0.191949
2014,33,233584,206398,160972.000000,15470.000000,88.361360,77.991066,7.495228,7.840339,-7.112201,-0.911284,0.988111
2014,35,625687,580315,487986.000000,43408.000000,92.748451,84.089848,7.480075,21.001430,-5.459031,-0.846801,1.293479
2014,41,159915,150914,128152.000000,10708.000000,94.371385,84.917238,7.095432,5.367610,-4.834171,-0.736877,-0.116240
2014,42,93232,86951,72882.000000,5415.000000,93.263043,83.819623,6.227645,3.129369,-4.053084,-0.796437,-0.795882
2014,43,143315,132808,105832.000000,10036.000000,92.668597,79.687971,7.556774,4.810424,-7.304536,-0.683356,0.123410
2014,50,44058,41612,31724.000000,2667.000000,94.448227,76.237624,6.409209,1.478824,-9.782703,-1.066889,-0.107733
2014,51,56499,52672,42056.000000,3211.000000,93.226429,79.845079,6.096218,1.896411,-8.257294,-0.824119,-0.418469
2014,52,99798,90577,74826.000000,6100.000000,90.760336,82.610376,6.734601,3.349759,-7.031893,-1.890020,-0.369576
2014,53,44721,38691,31354.000000,2919.000000,86.516402,81.036934,7.544390,1.501078,-5.357773,-1.588229,0.108132
2015,11,27918,22076,17547.000000,1012.000000,79.074432,79.484508,4.584164,0.925151,-4.761046,-1.554693,0.016276
2015,12,16980,13214,7822.000000,773.000000,77.820966,59.194793,5.849856,0.562686,-11.214918,-0.455994,0.014372
2015,13,80097,72485,46273.000000,4575.000000,90.496523,63.838035,6.311651,2.654268,-10.214093,-1.153134,-0.105926
2015,14,11412,10555,6724.000000,758.000000,92.490361,63.704405,7.181431,0.378173,-5.210498,-1.445314,-0.127828
2015,15,143657,127365,86031.000000,8173.000000,88.659098,67.546814,6.416991,4.760530,-9.745210,-0.855468,-0.201792
2015,16,15750,13884,8667.000000,963.000000,88.152381,62.424373,6.936041,0.521926,-10.792041,-0.632492,0.006006
2015,17,25110,23375,18137.000000,1461.000000,93.090402,77.591444,6.250267,0.832099,-8.222278,-1.131711,-0.085314
2015,21,117564,104583,74473.000000,6497.000000,88.958355,71.209470,6.212291,3.895856,-12.266426,-0.956135,0.038156
2015,22,49253,43412,32995.000000,2680.000000,88.140824,76.004331,6.173408,1.632154,-7.643107,-1.274969,-0.029277
2015,23,132516,113831,90948.000000,7873.000000,85.899816,79.897392,6.916394,4.391338,-7.015870,-0.592597,-0.022168
2015,24,49099,41948,32604.000000,2903.000000,85.435549,77.724802,6.920473,1.627051,-10.969544,-0.851623,0.094735
2015,25,59089,53946,44758.000000,3137.000000,91.296180,82.968153,5.815074,1.958101,-5.307816,-0.995502,-0.108424
2015,26,145024,135086,101706.000000,9053.000000,93.147341,75.289815,6.701657,4.805830,-8.075022,-0.519484,0.167407
2015,27,52257,45332,34644.000000,2740.000000,86.748187,76.422836,6.044295,1.731701,-10.673496,-0.809493,-0.169924
2015,28,34917,33177,26019.000000,2337.000000,95.016754,78.424812,7.044037,1.157086,-7.911513,-0.131960,0.004249
2015,29,206655,179612,130659.000000,12383.000000,86.913939,72.745140,6.894306,6.848169,-10.730189,-1.252100,0.151633
2015,31,268305,245074,206117.000000,18749.000000,91.341570,84.103985,7.650342,8.891137,-5.268296,-1.113354,-0.308909
2015,32,56941,52922,43998.000000,3494.000000,92.941817,83.137448,6.602169,1.886921,-5.122949,-0.947408,-0.203084
2015,33,236960,216674,169912.000000,16228.000000,91.439061,78.418269,7.489593,7.852421,-6.684998,-0.916919,1.000193
2015,35,634026,587911,497680.000000,43846.000000,92.726639,84.652269,7.457932,21.010462,-4.896610,-0.868945,1.302511
2015,41,160947,153241,130769.000000,10639.000000,95.212088,85.335517,6.942659,5.333489,-4.415891,-0.889650,-0.150361
2015,42,97223,92781,78537.000000,5909.000000,95.431122,84.647719,6.368761,3.221792,-3.224988,-0.655322,-0.703458
2015,43,148359,138450,111027.000000,10282.000000,93.320931,80.192849,7.426508,4.916346,-6.799657,-0.813622,0.229332
2015,50,44142,41957,32797.000000,2761.000000,95.050066,78.168125,6.580547,1.462785,-7.852203,-0.895551,-0.123772
2015,51,56673,53435,43146.000000,3488.000000,94.286521,80.744830,6.527557,1.878040,-7.357543,-0.392780,-0.436840
2015,52,100672,89846,74049.000000,6125.000000,89.246265,82.417692,6.817221,3.336086,-7.224576,-1.807401,-0.383249
2015,53,46122,39674,32212.000000,2949.000000,86.019687,81.191712,7.433080,1.528399,-5.202994,-1.699540,0.135453
2016,11,26602,20174,15925.000000,1009.000000,75.836403,78.938237,5.001487,0.930856,-5.307317,-1.137369,0.021980
2016,12,15773,12451,7786.000000,752.000000,78.938693,62.533130,6.039676,0.551928,-7.876582,-0.266175,0.003614
2016,13,76703,69855,45157.000000,4505.000000,91.072057,64.643905,6.449073,2.683988,-9.408224,-1.015711,-0.076206
2016,14,11376,10575,7046.000000,771.000000,92.958861,66.628842,7.290780,0.398068,-2.286062,-1.335965,-0.107932
2016,15,137681,121405,81891.000000,7784.000000,88.178471,67.452741,6.411598,4.817727,-9.839283,-0.860861,-0.144595
2016,16,15521,13964,8970.000000,956.000000,89.968430,64.236608,6.846176,0.543110,-8.979806,-0.722358,0.027190
2016,17,23870,22078,17475.000000,1413.000000,92.492669,79.151191,6.400036,0.835258,-6.662531,-0.981942,-0.082156
2016,21,110493,100339,72730.000000,6269.000000,90.810278,72.484278,6.247820,3.866366,-10.991618,-0.920606,0.008665
2016,22,46986,42030,32088.000000,2704.000000,89.452177,76.345468,6.433500,1.644132,-7.301970,-1.014878,-0.017300
2016,23,126246,110525,89278.000000,7539.000000,87.547328,80.776295,6.821081,4.417594,-6.136967,-0.687909,0.004088
2016,24,45366,37949,29682.000000,2554.000000,83.650752,78.215500,6.730085,1.587445,-10.478846,-1.042010,0.055129
2016,25,56083,50950,42486.000000,2964.000000,90.847494,83.387635,5.817468,1.962454,-4.888334,-0.993108,-0.104071
2016,26,130733,121913,91898.000000,8082.000000,93.253425,75.379984,6.629318,4.574603,-7.984853,-0.591823,-0.063820
2016,27,48164,43060,32642.000000,2751.000000,89.402874,75.805852,6.388760,1.685352,-11.290480,-0.465029,-0.216273
2016,28,32218,30459,23962.000000,2149.000000,94.540319,78.669687,7.055386,1.127371,-7.666638,-0.120610,-0.025465
2016,29,199830,177485,132018.000000,12382.000000,88.817995,74.382624,6.976364,6.992442,-9.092704,-1.170041,0.295906
2016,31,253520,234263,197949.000000,18400.000000,92.404150,84.498619,7.854420,8.871160,-4.873662,-0.909276,-0.328886
2016,32,53413,50411,42610.000000,3240.000000,94.379645,84.525203,6.427169,1.869025,-3.735194,-1.122409,-0.220979
2016,33,219129,200743,159802.000000,15293.000000,91.609509,79.605266,7.618198,7.667751,-5.498000,-0.788313,0.815523
2016,35,601437,567069,486589.000000,42232.000000,94.285686,85.807724,7.447418,21.045455,-3.741156,-0.879458,1.337504
2016,41,155066,147732,127458.000000,10356.000000,95.270401,86.276501,7.009991,5.426062,-3.474908,-0.822318,-0.057788
2016,42,95313,91229,77732.000000,5833.000000,95.715170,85.205362,6.393800,3.335188,-2.667344,-0.630282,-0.590063
2016,43,141411,133330,108100.000000,10222.000000,94.285452,81.077027,7.666692,4.948247,-5.915480,-0.573438,0.261233
2016,50,42432,40577,32222.000000,2708.000000,95.628299,79.409518,6.673731,1.484779,-6.610809,-0.802366,-0.101778
2016,51,53531,50266,40334.000000,3159.000000,93.900730,80.241117,6.284566,1.873154,-7.861255,-0.635771,-0.441726
2016,52,95563,87461,72680.000000,6000.000000,91.521823,83.099896,6.860201,3.343936,-6.542372,-1.764421,-0.375399
2016,53,43340,38301,31774.000000,2902.000000,88.373327,82.958669,7.576826,1.516551,-3.436037,-1.555794,0.123605
2017,11,27503,20278,16520.000000,951.000000,73.730139,81.467600,4.689812,0.940745,-2.777954,-1.449045,0.031869
2017,12,16358,11927,7325.000000,648.000000,72.912336,61.415276,5.433051,0.559528,-8.994435,-0.872800,0.011214
2017,13,78066,72445,46490.000000,4586.000000,92.799682,64.172821,6.330320,2.670260,-9.879308,-1.134465,-0.089933
2017,14,11737,10873,7200.000000,721.000000,92.638664,66.219075,6.631105,0.401466,-2.695828,-1.995640,-0.104535
2017,15,138684,124244,84411.000000,8070.000000,89.587840,67.939699,6.495283,4.743709,-9.352325,-0.777175,-0.218613
2017,16,15399,14132,9376.000000,981.000000,91.772193,66.345882,6.941693,0.526725,-6.870532,-0.626841,0.010806
2017,17,24935,23552,18935.000000,1452.000000,94.453579,80.396569,6.165082,0.852906,-5.417153,-1.216897,-0.064508
2017,21,112985,101852,73818.000000,6475.000000,90.146480,72.475749,6.357263,3.864671,-11.000147,-0.811162,0.006970
2017,22,48551,42293,32389.000000,2626.000000,87.110461,76.582413,6.209065,1.660695,-7.065025,-1.239312,-0.000737
2017,23,127797,112154,91770.000000,7793.000000,87.759494,81.824991,6.948482,4.371318,-5.088271,-0.560509,-0.042188
2017,24,46222,41352,33435.000000,2891.000000,89.463892,80.854614,6.991198,1.581031,-7.839732,-0.780898,0.048716
2017,25,57493,53178,44557.000000,3153.000000,92.494738,83.788409,5.929144,1.966558,-4.487560,-0.881432,-0.099967
2017,26,135932,127006,97044.000000,8316.000000,93.433481,76.408989,6.547722,4.649577,-6.955849,-0.673418,0.011154
2017,27,50368,42673,32196.000000,2738.000000,84.722443,75.448176,6.416235,1.722846,-11.648156,-0.437554,-0.178779
2017,28,33867,32048,25453.000000,2287.000000,94.628990,79.421493,7.136171,1.158426,-6.914832,-0.039826,0.005590
2017,29,204096,180871,135188.000000,12586.000000,88.620551,74.742772,6.958551,6.981138,-8.732556,-1.187855,0.284602
2017,31,260959,242259,206858.000000,19042.000000,92.834123,85.387127,7.860183,8.926146,-3.985154,-0.903514,-0.273900
2017,32,55846,52464,44395.000000,3431.000000,93.944060,84.619930,6.539722,1.910222,-3.640467,-1.009855,-0.179783
2017,33,223224,203496,164303.000000,15331.000000,91.162241,80.740162,7.533809,7.635414,-4.363105,-0.872702,0.783186
2017,35,611803,582454,505081.000000,43568.000000,95.202868,86.716033,7.480076,20.926823,-2.832847,-0.846801,1.218872
2017,41,157701,150612,131064.000000,10388.000000,95.504784,87.020955,6.897193,5.394189,-2.730454,-0.935116,-0.089661
2017,42,98335,94472,81055.000000,6056.000000,96.071592,85.797908,6.410365,3.363565,-2.074798,-0.613718,-0.561686
2017,43,141568,133738,109517.000000,10194.000000,94.469089,81.889216,7.622366,4.842357,-5.103290,-0.617764,0.155343
2017,50,44747,42923,34584.000000,2898.000000,95.923749,80.572187,6.751625,1.530579,-5.448140,-0.724473,-0.055978
2017,51,57271,54279,43974.000000,3401.000000,94.775715,81.014757,6.265775,1.958964,-7.087616,-0.654562,-0.355916
2017,52,97520,89417,74920.000000,6026.000000,91.690935,83.787199,6.739211,3.335688,-5.855069,-1.885411,-0.383647
2017,53,44568,38684,32051.000000,2962.000000,86.797702,82.853376,7.656912,1.524456,-3.541330,-1.475707,0.131510
2018,11,28091,23037,18719.000000,1125.000000,82.008472,81.256240,4.883448,0.953876,-2.989314,-1.255408,0.045000
2018,12,16543,12463,8287.000000,722.000000,75.337001,66.492819,5.793148,0.561745,-3.916893,-0.512703,0.013431
2018,13,78087,73175,47330.000000,4574.000000,93.709580,64.680560,6.250769,2.651572,-9.371569,-1.214016,-0.108622
2018,14,13344,12083,7518.000000,896.000000,90.550060,62.219647,7.415377,0.453117,-6.695256,-1.211368,-0.052883
2018,15,141819,126895,87352.000000,8306.000000,89.476727,68.838016,6.545569,4.815697,-8.454009,-0.726890,-0.146625
2018,16,15864,14713,9744.000000,978.000000,92.744579,66.227146,6.647183,0.538688,-6.989268,-0.921351,0.022768
2018,17,25480,24159,19632.000000,1662.000000,94.815542,81.261642,6.879424,0.865215,-4.552081,-0.502554,-0.052199
2018,21,117156,108082,80135.000000,6750.000000,92.254771,74.142780,6.245258,3.978224,-9.333116,-0.923167,0.120524
2018,22,49490,43100,33519.000000,2727.000000,87.088301,77.770302,6.327146,1.680514,-5.877136,-1.121231,0.019083
2018,23,131491,114961,95487.000000,7752.000000,87.428797,83.060342,6.743156,4.464993,-3.852920,-0.765834,0.051487
2018,24,48107,44069,35488.000000,3045.000000,91.606211,80.528262,6.909619,1.633552,-8.166083,-0.862477,0.101237
2018,25,60205,56545,47337.000000,3415.000000,93.920771,83.715625,6.039438,2.044360,-4.560344,-0.771138,-0.022165
2018,26,138317,130500,101629.000000,8358.000000,94.348489,77.876628,6.404598,4.696781,-5.488209,-0.816543,0.058358
2018,27,52496,47867,37837.000000,2921.000000,91.182185,79.046107,6.102325,1.782588,-8.050225,-0.751464,-0.119037
2018,28,34256,32675,26372.000000,2305.000000,95.384750,80.710023,7.054323,1.163219,-5.626302,-0.121673,0.010383
2018,29,205332,185366,141474.000000,12972.000000,90.276236,76.321440,6.998047,6.972385,-7.153888,-1.148358,0.275849
2018,31,263640,245411,211157.000000,19136.000000,93.085647,86.042190,7.797531,8.952329,-3.330090,-0.966165,-0.247717
2018,32,56721,53883,45121.000000,3757.000000,94.996562,83.738842,6.972515,1.926055,-4.521555,-0.577063,-0.163950
2018,33,220499,198197,161020.000000,14820.000000,89.885668,81.242400,7.477409,7.487405,-3.860866,-0.929103,0.635177
2018,35,606146,578882,503959.000000,43121.000000,95.502074,87.057293,7.449014,20.582682,-2.491586,-0.877863,0.874731
2018,41,156201,149529,131179.000000,10354.000000,95.728580,87.728133,6.924409,5.304061,-2.023276,-0.907900,-0.179789
2018,42,99609,95466,82507.000000,6098.000000,95.840737,86.425534,6.387614,3.382387,-1.447173,-0.636468,-0.542864
2018,43,140047,132761,110197.000000,10072.000000,94.797461,83.004045,7.586565,4.755526,-3.988462,-0.653564,0.068512
2018,50,44275,42750,35402.000000,2884.000000,96.555618,82.811696,6.746199,1.503430,-3.208631,-0.729899,-0.083127
2018,51,58649,55305,45249.000000,3356.000000,94.298283,81.817196,6.068167,1.991523,-6.285177,-0.852170,-0.323357
2018,52,98872,93250,79010.000000,6707.000000,94.313860,84.729223,7.192493,3.357361,-4.913046,-1.432128,-0.361974
2018,53,44195,39349,32361.000000,3099.000000,89.034959,82.240972,7.875677,1.500714,-4.153735,-1.256943,0.107768
2019,11,27028,22335,18502.000000,1057.000000,82.636525,82.838594,4.732483,0.948635,-1.406960,-1.406374,0.039759
2019,12,16280,14057,9259.000000,813.000000,86.345209,65.867539,5.783595,0.571399,-4.542172,-0.522255,0.023085
2019,13,77622,73201,47111.000000,4912.000000,94.304450,64.358410,6.710291,2.724395,-9.693719,-0.754493,-0.035798
2019,14,14620,13271,7788.000000,955.000000,90.772914,58.684349,7.196142,0.513136,-10.230554,-1.430603,0.007136
2019,15,138341,123633,87223.000000,8218.000000,89.368300,70.549934,6.647093,4.855525,-6.742090,-0.625366,-0.106797
2019,16,15356,13559,9346.000000,961.000000,88.297734,68.928387,7.087543,0.538969,-4.288027,-0.480991,0.023049
2019,17,24449,23495,19368.000000,1537.000000,96.098000,82.434561,6.541817,0.858117,-3.379162,-0.840161,-0.059297
2019,21,113317,104330,79277.000000,6706.000000,92.069151,75.986773,6.427681,3.977227,-7.489123,-0.740744,0.119526
2019,22,47933,42274,33199.000000,2805.000000,88.193937,78.532904,6.635284,1.682364,-5.114534,-0.813093,0.020932
2019,23,129185,113438,95509.000000,7968.000000,87.810504,84.194891,7.024101,4.534166,-2.718371,-0.484889,0.120660
2019,24,44031,41050,34081.000000,2917.000000,93.229770,83.023143,7.105968,1.545410,-5.671203,-0.666127,0.013095
2019,25,57701,53756,45554.000000,3494.000000,93.163030,84.742168,6.499740,2.025203,-3.533801,-0.310836,-0.041322
2019,26,133359,125408,99653.000000,8119.000000,94.037898,79.463033,6.474069,4.680666,-3.901805,-0.747072,0.042243
2019,27,49803,41103,32882.000000,2622.000000,82.531173,79.999027,6.379096,1.747997,-7.097305,-0.474692,-0.153627
2019,28,32697,31225,25715.000000,2237.000000,95.498058,82.353883,7.164131,1.147607,-3.982442,-0.011865,-0.005229
2019,29,197249,177473,137570.000000,13026.000000,89.974094,77.516017,7.339708,6.923092,-5.959312,-0.806697,0.226556
2019,31,256892,239187,207110.000000,19106.000000,93.107999,86.589154,7.987892,9.016456,-2.783127,-0.775804,-0.183590
2019,32,54925,52597,44124.000000,3515.000000,95.761493,83.890716,6.682891,1.927771,-4.369680,-0.866687,-0.162234
2019,33,207989,187839,152841.000000,14245.000000,90.311988,81.368086,7.583622,7.300047,-3.735180,-0.822889,0.447819
2019,35,583191,557343,486007.000000,42531.000000,95.567833,87.200700,7.631028,20.468976,-2.348179,-0.695849,0.761025
2019,41,153469,147164,129907.000000,10635.000000,95.891678,88.273627,7.226632,5.386491,-1.477782,-0.605677,-0.097359
2019,42,98032,93063,80878.000000,6007.000000,94.931247,86.906719,6.454767,3.440750,-0.965987,-0.569315,-0.484501
2019,43,134596,127749,106713.000000,9940.000000,94.912925,83.533335,7.780883,4.724082,-3.459172,-0.459247,0.037068
2019,50,43695,42177,35327.000000,2841.000000,96.525918,83.758921,6.735899,1.533617,-2.261406,-0.740199,-0.052939
2019,51,58852,55446,45477.000000,3607.000000,94.212601,82.020344,6.505429,2.065601,-6.082029,-0.414908,-0.249278
2019,52,96112,91098,77506.000000,6554.000000,94.783170,85.079804,7.194450,3.373362,-4.562464,-1.430171,-0.345973
2019,53,42422,38112,31863.000000,2978.000000,89.840177,83.603589,7.813812,1.488937,-2.791117,-1.318808,0.095992
2020,11,25798,21564,17645.000000,1031.000000,83.587875,81.826192,4.781117,0.944931,-2.419362,-1.357740,0.036056
2020,12,15142,13969,10282.000000,929.000000,92.253335,73.605842,6.650440,0.554623,3.196130,0.344590,0.006309
2020,13,75635,70775,45986.000000,4682.000000,93.574403,64.974921,6.615330,2.770366,-9.077208,-0.849454,0.010172
2020,14,13760,11955,7623.000000,816.000000,86.882267,63.764115,6.825596,0.504003,-5.150788,-1.801149,-0.001998
2020,15,132938,118066,82138.000000,7788.000000,88.812830,69.569563,6.596311,4.869265,-7.722462,-0.676148,-0.093057
2020,16,14633,13241,8988.000000,850.000000,90.487255,67.880069,6.419455,0.535979,-5.336345,-1.149079,0.020059
2020,17,23729,22525,18769.000000,1497.000000,94.926040,83.325194,6.645949,0.869148,-2.488528,-0.736029,-0.048266
2020,21,106079,92183,69023.000000,5927.000000,86.900329,74.876062,6.429602,3.885471,-8.599834,-0.738823,0.027771
2020,22,45229,40360,31528.000000,2807.000000,89.234783,78.116947,6.954906,1.656652,-5.530491,-0.493472,-0.004780
2020,23,121904,108793,90539.000000,7538.000000,89.244816,83.221347,6.928755,4.465111,-3.691915,-0.580236,0.051605
2020,24,43531,39745,33246.000000,2820.000000,91.302750,83.648258,7.095232,1.594457,-5.046088,-0.676863,0.062142
2020,25,56379,51299,43210.000000,3161.000000,90.989553,84.231661,6.161913,2.065055,-4.044308,-0.648663,-0.001470
2020,26,128481,121008,95495.000000,7886.000000,94.183576,78.916270,6.516925,4.706014,-4.448568,-0.704216,0.067591
2020,27,48341,45699,37297.000000,2907.000000,94.534660,81.614477,6.361190,1.770639,-5.481855,-0.492599,-0.130986
2020,28,31784,30190,24698.000000,2136.000000,94.984898,81.808546,7.075190,1.164187,-4.527779,-0.100806,0.011351
2020,29,188960,169556,130984.000000,12085.000000,89.731160,77.251174,7.127439,6.921244,-6.224155,-1.018967,0.224708
2020,31,247198,231164,200502.000000,17921.000000,93.513702,86.735824,7.752505,9.054391,-2.636457,-1.011192,-0.145655
2020,32,53767,51886,43723.000000,3443.000000,96.501572,84.267432,6.635701,1.969383,-3.992964,-0.913876,-0.120622
2020,33,199124,179444,147204.000000,13847.000000,90.116711,82.033392,7.716614,7.293532,-3.069875,-0.689898,0.441304
2020,35,552310,526551,460462.000000,38878.000000,95.336134,87.448699,7.383520,20.230061,-2.100180,-0.943356,0.522110
2020,41,146291,140323,123329.000000,9986.000000,95.920460,87.889370,7.116439,5.358360,-1.862039,-0.715870,-0.125490
2020,42,97916,93573,81235.000000,5976.000000,95.564566,86.814573,6.386458,3.586476,-1.058134,-0.637625,-0.338775
2020,43,130742,124862,104459.000000,9498.000000,95.502593,83.659560,7.606798,4.788830,-3.332946,-0.633332,0.101816
2020,50,41308,39667,33352.000000,2689.000000,96.027404,84.079966,6.778935,1.513033,-1.940361,-0.697163,-0.073524
2020,51,57037,54100,44357.000000,3619.000000,94.850711,81.990758,6.689464,2.089156,-6.111615,-0.230873,-0.225723
2020,52,92768,87472,74616.000000,6301.000000,94.291135,85.302725,7.203448,3.397915,-4.339543,-1.421173,-0.321420
2020,53,39361,35341,30334.000000,2685.000000,89.786845,85.832319,7.597408,1.441718,-0.562387,-1.535212,0.048773
2021,11,25439,21585,17872.000000,1214.000000,84.850033,82.798240,5.624276,0.950244,-1.447315,-0.514580,0.041368
2021,12,15699,11793,8496.000000,733.000000,75.119434,72.042737,6.215552,0.586418,1.633026,-0.090299,0.038104
2021,13,78454,73150,50092.000000,5185.000000,93.239350,68.478469,7.088175,2.930558,-5.573660,-0.376609,0.170364
2021,14,13901,11635,7676.000000,864.000000,83.699014,65.973356,7.425870,0.519256,-2.941547,-1.200874,0.013255
2021,15,137129,122973,89155.000000,8344.000000,89.676874,72.499654,6.785229,5.122295,-4.792370,-0.487230,0.159973
2021,16,14993,13898,9972.000000,979.000000,92.696592,71.751331,7.044179,0.560046,-1.465083,-0.524355,0.044126
2021,17,23747,22509,18610.000000,1580.000000,94.786710,82.678040,7.019414,0.887042,-3.135682,-0.362564,-0.030372
2021,21,108667,94996,73043.000000,6063.000000,87.419364,76.890606,6.382374,4.059130,-6.585290,-0.786051,0.201429
2021,22,45978,40207,32348.000000,2817.000000,87.448345,80.453652,7.006243,1.717455,-3.193786,-0.442135,0.056023
2021,23,120266,104597,88928.000000,7663.000000,86.971380,85.019647,7.326214,4.492397,-1.893615,-0.182777,0.078891
2021,24,43430,39945,34527.000000,2999.000000,91.975593,86.436350,7.507823,1.622277,-2.257996,-0.264272,0.089962
2021,25,56049,50838,43822.000000,3312.000000,90.702778,86.199300,6.514812,2.093645,-2.076669,-0.295764,0.027120
2021,26,126211,119094,96676.000000,8140.000000,94.361030,81.176214,6.834937,4.714465,-2.188624,-0.386203,0.076042
2021,27,48808,46635,38980.000000,2973.000000,95.547861,83.585290,6.375040,1.823166,-3.511042,-0.478749,-0.078459
2021,28,31206,29682,24712.000000,2098.000000,95.116324,83.255845,7.068257,1.165664,-3.080480,-0.107739,0.012828
2021,29,185459,164265,130996.000000,11724.000000,88.572137,79.746751,7.137248,6.927606,-3.728578,-1.009158,0.231070
2021,31,242136,227658,199784.000000,18429.000000,94.020716,87.756196,8.095037,9.044709,-1.616085,-0.668659,-0.155337
2021,32,52493,50643,43168.000000,3465.000000,96.475721,85.239816,6.842012,1.960815,-3.020581,-0.707566,-0.129189
2021,33,189866,171399,142116.000000,13766.000000,90.273667,82.915303,8.031552,7.092224,-2.187964,-0.374959,0.239996
2021,35,525239,501913,444364.000000,39238.000000,95.558974,88.534069,7.817690,19.619693,-1.014811,-0.509187,-0.088258
2021,41,141976,135768,120937.000000,10161.000000,95.627430,89.076218,7.484091,5.303349,-0.675190,-0.348218,-0.180501
2021,42,96499,91543,79953.000000,6004.000000,94.864195,87.339283,6.558666,3.604608,-0.533423,-0.465416,-0.320643
2021,43,124446,118589,101020.000000,9221.000000,95.293541,85.184967,7.775595,4.648536,-1.807540,-0.464535,-0.038478
2021,50,42173,40440,34546.000000,2829.000000,95.890736,85.425321,6.995549,1.575323,-0.595006,-0.480549,-0.011233
2021,51,57841,55146,46292.000000,3796.000000,95.340675,83.944438,6.883545,2.160583,-4.157934,-0.036791,-0.154296
2021,52,90961,86330,74609.000000,6612.000000,94.908807,86.423028,7.658983,3.397743,-3.219240,-0.965638,-0.321592
2021,53,38035,34036,29401.000000,2669.000000,89.486000,86.382066,7.841697,1.420753,-0.012640,-1.290923,0.027808
2022,11,24901,21154,17375.000000,1229.000000,84.952412,82.135766,5.809776,0.971966,-2.109788,-0.329080,0.063090
2022,12,14483,11817,8333.000000,749.000000,81.592212,70.517052,6.338326,0.565318,0.107340,0.032476,0.017004
2022,13,72519,68004,47743.000000,5072.000000,93.774045,70.206164,7.458385,2.830648,-3.845965,-0.006399,0.070454
2022,14,13091,11718,7682.000000,867.000000,89.511878,65.557262,7.398874,0.510984,-3.357641,-1.227871,0.004983
2022,15,128000,117785,86597.000000,8520.000000,92.019531,73.521246,7.233519,4.996249,-3.770778,-0.038940,0.033927
2022,16,13615,12818,8995.000000,1001.000000,94.146162,70.174754,7.809331,0.531437,-3.041660,0.240797,0.015517
2022,17,22549,21657,18022.000000,1567.000000,96.044170,83.215588,7.235536,0.880160,-2.598134,-0.146442,-0.037254
2022,21,97964,90381,72130.000000,6507.000000,92.259401,79.806597,7.199522,3.823848,-3.669300,0.031097,-0.033853
2022,22,42247,37809,31221.000000,2943.000000,89.495112,82.575577,7.783861,1.649035,-1.071861,0.335483,-0.012396
2022,23,112308,100490,85554.000000,7837.000000,89.477152,85.136830,7.798786,4.383740,-1.776432,0.289796,-0.029766
2022,24,40037,37151,32213.000000,2854.000000,92.791668,86.708299,7.682162,1.562772,-1.986047,-0.089934,0.030456
2022,25,50892,46954,40882.000000,3237.000000,92.262045,87.068194,6.893981,1.986477,-1.207775,0.083405,-0.080048
2022,26,117437,110404,89403.000000,8019.000000,94.011257,80.978044,7.263324,4.583941,-2.386793,0.042184,-0.054482
2022,27,45742,43553,36648.000000,2935.000000,95.214464,84.145753,6.738916,1.785456,-2.950579,-0.114873,-0.116169
2022,28,28524,27221,22843.000000,2017.000000,95.431917,83.916829,7.409720,1.113383,-2.419496,0.233724,-0.039453
2022,29,173824,157007,126378.000000,12262.000000,90.325272,80.491953,7.809843,6.784906,-2.983376,-0.336563,0.088370
2022,31,235063,219968,192509.000000,18871.000000,93.578317,87.516821,8.578975,9.175260,-1.855460,-0.184721,-0.024786
2022,32,51729,49559,43277.000000,3693.000000,95.805061,87.324199,7.451724,2.019148,-0.936197,-0.097853,-0.070856
2022,33,180369,165581,137125.000000,14008.000000,91.801252,82.814453,8.459908,7.040378,-2.288813,0.053396,0.188150
2022,35,512520,489985,433756.000000,40570.000000,95.603098,88.524343,8.279845,20.005293,-1.024537,-0.047031,0.297342
2022,41,140637,134103,119031.000000,10426.000000,95.353996,88.760878,7.774621,5.489511,-0.990531,-0.057688,0.005661
2022,42,98202,94523,82195.000000,6652.000000,96.253640,86.957672,7.037441,3.833138,-0.915035,0.013358,-0.092113
2022,43,120942,115177,98256.000000,9500.000000,95.233252,85.308699,8.248175,4.720753,-1.683808,0.008045,0.033739
2022,50,40485,38688,32779.000000,3066.000000,95.561319,84.726530,7.924938,1.580259,-1.293797,0.448840,-0.006298
2022,51,58169,55230,45955.000000,3860.000000,94.947481,83.206591,6.988955,2.270522,-4.895782,0.068618,-0.044358
2022,52,89745,85658,73186.000000,7036.000000,95.445986,85.439772,8.214061,3.503034,-4.202496,-0.410561,-0.216301
2022,53,35928,33231,28331.000000,2831.000000,92.493320,85.254732,8.519154,1.402385,-1.139974,-0.613466,0.009439
2023,11,23921,20073,16875.000000,1181.000000,83.913716,84.068151,5.883525,0.942671,-0.177403,-0.255331,0.033795
2023,12,14473,13125,8980.000000,870.000000,90.686105,68.419048,6.628571,0.570347,-1.990664,0.322721,0.022034
2023,13,70453,66455,47614.000000,5005.000000,94.325295,71.648484,7.531412,2.776390,-2.403645,0.066628,0.016196
2023,14,13105,11723,8150.000000,913.000000,89.454407,69.521454,7.788109,0.516438,0.606550,-0.838636,0.010437
2023,15,126152,117165,87938.000000,8697.000000,92.876054,75.054837,7.422865,4.971358,-2.237187,0.150406,0.009036
2023,16,12948,12306,8889.000000,943.000000,95.041705,72.233057,7.662929,0.510251,-0.983357,0.094395,-0.005669
2023,17,23145,22308,18812.000000,1621.000000,96.383668,84.328492,7.266451,0.912091,-1.485230,-0.115527,-0.005323
2023,21,97205,90821,74476.000000,6414.000000,93.432437,82.003061,7.062243,3.830624,-1.472835,-0.106182,-0.027076
2023,22,42144,38441,32290.000000,2863.000000,91.213459,83.998855,7.447777,1.660798,0.351417,-0.000600,-0.000634
2023,23,111091,99638,86172.000000,7552.000000,89.690434,86.485076,7.579438,4.377839,-0.428186,0.070447,-0.035667
2023,24,39440,36846,32315.000000,2793.000000,93.422921,87.702871,7.580199,1.554239,-0.991474,-0.191897,0.021924
2023,25,51531,46825,40679.000000,3309.000000,90.867633,86.874533,7.066738,2.030718,-1.401436,0.256162,-0.035808
2023,26,116175,108977,88799.000000,7989.000000,93.804175,81.484166,7.330905,4.578188,-1.880671,0.109764,-0.060235
2023,27,46543,44910,38707.000000,3120.000000,96.491417,86.187931,6.947228,1.834152,-0.908401,0.093439,-0.067473
2023,28,29005,27838,23806.000000,2127.000000,95.976556,85.516201,7.640635,1.143020,-0.820124,0.464639,-0.009816
2023,29,170314,155829,127806.000000,12506.000000,91.495121,82.016826,8.025464,6.711681,-1.458502,-0.120942,0.015145
2023,31,233918,218770,194233.000000,18700.000000,93.524226,88.784111,8.547790,9.218167,-0.588170,-0.215906,0.018121
2023,32,52187,50169,43775.000000,3895.000000,96.133137,87.255078,7.763758,2.056569,-1.005319,0.214181,-0.033436
2023,33,176145,165930,139832.000000,14085.000000,94.200800,84.271681,8.488519,6.941467,-0.831586,0.082008,0.089239
2023,35,503910,482815,429572.000000,40360.000000,95.813737,88.972381,8.359309,19.857927,-0.576498,0.032433,0.149976
2023,41,139836,132727,118606.000000,10351.000000,94.916188,89.360869,7.798715,5.510613,-0.390540,-0.033594,0.026763
2023,42,96802,93453,81541.000000,6493.000000,96.540361,87.253486,6.947878,3.814743,-0.619221,-0.076205,-0.110508
2023,43,120974,115684,100315.000000,9553.000000,95.627160,86.714671,8.257840,4.767305,-0.277835,0.017711,0.080291
2023,50,40233,38643,32980.000000,2923.000000,96.048020,85.345341,7.564113,1.585489,-0.674986,0.088015,-0.001067
2023,51,58553,55763,47160.000000,3994.000000,95.235086,84.572207,7.162455,2.307438,-3.530165,0.242118,-0.007441
2023,52,91822,88012,76780.000000,7261.000000,95.850668,87.238104,8.250011,3.618493,-2.404164,-0.374610,-0.100842
2023,53,35551,34100,29221.000000,3040.000000,95.918540,85.692082,8.914956,1.400983,-0.702624,-0.217664,0.008037
2024,11,21716,18782,15823.000000,1153.000000,86.489225,84.245554,6.138856,0.908876,0.000000,0.000000,0.000000
2024,12,13101,11862,8352.000000,748.000000,90.542707,70.409712,6.305851,0.548314,0.000000,0.000000,0.000000
2024,13,65950,62614,46367.000000,4674.000000,94.941622,74.052129,7.464784,2.760194,0.000000,0.000000,0.000000
2024,14,12090,11105,7653.000000,958.000000,91.852771,68.914903,8.626745,0.506001,0.000000,0.000000,0.000000
2024,15,118566,108354,83749.000000,7880.000000,91.387076,77.292024,7.272459,4.962322,0.000000,0.000000,0.000000
2024,16,12327,11746,8600.000000,889.000000,95.286769,73.216414,7.568534,0.515920,0.000000,0.000000,0.000000
2024,17,21920,21119,18123.000000,1559.000000,96.345803,85.813722,7.381978,0.917414,0.000000,0.000000,0.000000
2024,21,92173,86044,71826.000000,6168.000000,93.350547,83.475896,7.168425,3.857700,0.000000,0.000000,0.000000
2024,22,39697,36612,30625.000000,2727.000000,92.228632,83.647438,7.448378,1.661432,0.000000,0.000000,0.000000
2024,23,105453,95379,82897.000000,7162.000000,90.446929,86.913262,7.508990,4.413506,0.000000,0.000000,0.000000
2024,24,36612,34611,30698.000000,2690.000000,94.534579,88.694346,7.772096,1.532316,0.000000,0.000000,0.000000
2024,25,49376,45121,39831.000000,3073.000000,91.382453,88.275969,6.810576,2.066525,0.000000,0.000000,0.000000
2024,26,110827,104748,87323.000000,7564.000000,94.514875,83.364838,7.221140,4.638423,0.000000,0.000000,0.000000
2024,27,45436,43786,38136.000000,3001.000000,96.368518,87.096332,6.853789,1.901625,0.000000,0.000000,0.000000
2024,28,27545,26296,22703.000000,1887.000000,95.465602,86.336325,7.175996,1.152836,0.000000,0.000000,0.000000
2024,29,160002,147071,122768.000000,11981.000000,91.918226,83.475328,8.146405,6.696536,0.000000,0.000000,0.000000
2024,31,219819,204343,182626.000000,17908.000000,92.959662,89.372281,8.763696,9.200046,0.000000,0.000000,0.000000
2024,32,49937,47804,42192.000000,3609.000000,95.728618,88.260397,7.549577,2.090004,0.000000,0.000000,0.000000
2024,33,163722,154987,131899.000000,13029.000000,94.664737,85.103267,8.406512,6.852228,0.000000,0.000000,0.000000
2024,35,470887,449148,402207.000000,37400.000000,95.383393,89.548879,8.326877,19.707951,0.000000,0.000000,0.000000
2024,41,131027,124944,112139.000000,9786.000000,95.357445,89.751409,7.832309,5.483850,0.000000,0.000000,0.000000
2024,42,93787,90688,79690.000000,6370.000000,96.695704,87.872706,7.024083,3.925251,0.000000,0.000000,0.000000
2024,43,111988,107292,93336.000000,8841.000000,95.806694,86.992506,8.240130,4.687014,0.000000,0.000000,0.000000
2024,50,37908,36503,31400.000000,2729.000000,96.293658,86.020327,7.476098,1.586557,0.000000,0.000000,0.000000
2024,51,55310,53061,46748.000000,3672.000000,95.933828,88.102373,6.920337,2.314880,0.000000,0.000000,0.000000
2024,52,88867,85511,76654.000000,7375.000000,96.223570,89.642268,8.624621,3.719335,0.000000,0.000000,0.000000
2024,53,33282,32039,27680.000000,2926.000000,96.265248,86.394706,9.132620,1.392946,0.000000,0.000000,0.000000
