ano,variavel,n_missing,pct_total,pct_t1,pct_t0,pct_y1,pct_y0,pct_total_menos_2024
2014,QTDFILMORT,225285,8.371425,8.087684,9.410754,7.756387,8.417203,6.494157
2014,RACACORMAE,92723,3.445518,3.470543,3.353855,3.834209,3.416588,2.195279
2014,ESCMAE2010,36999,1.374856,1.318643,1.580761,1.231045,1.385560,0.897145
2014,ESTCIVMAE,26001,0.966178,0.930562,1.096639,0.921004,0.969540,0.355138
2014,IDADEMAE,68,0.002527,0.001608,0.005891,0.001609,0.002595,0.001106
2014,PARIDADE,0,0.000000,0.000000,0.000000,0.000000,0.000000,0.000000
2014,CODMUNRES,0,0.000000,0.000000,0.000000,0.000000,0.000000,0.000000
2015,QTDFILMORT,217413,7.917888,7.645175,8.969139,7.718940,7.932827,6.040620
2015,RACACORMAE,101782,3.706763,3.698703,3.737834,3.880326,3.693730,2.456524
2015,ESCMAE2010,34824,1.268243,1.208485,1.498599,1.221661,1.271741,0.790532
2015,ESTCIVMAE,25286,0.920882,0.875541,1.095660,0.866582,0.924959,0.309842
2015,IDADEMAE,58,0.002112,0.001376,0.004951,0.002607,0.002075,0.000691
2015,PARIDADE,0,0.000000,0.000000,0.000000,0.000000,0.000000,0.000000
2015,CODMUNRES,0,0.000000,0.000000,0.000000,0.000000,0.000000,0.000000
2016,QTDFILMORT,187331,7.132088,6.864018,8.222492,7.162749,7.129766,5.254820
2016,RACACORMAE,100122,3.811857,3.794365,3.883004,4.041010,3.794501,2.561618
2016,ESCMAE2010,29511,1.123546,1.030079,1.503733,0.998221,1.133038,0.645835
2016,ESTCIVMAE,24210,0.921726,0.875926,1.108024,0.845189,0.927523,0.310686
2016,IDADEMAE,51,0.001942,0.001613,0.003280,0.002704,0.001884,0.000521
2016,PARIDADE,0,0.000000,0.000000,0.000000,0.000000,0.000000,0.000000
2016,CODMUNRES,0,0.000000,0.000000,0.000000,0.000000,0.000000,0.000000
2017,QTDFILMORT,157597,5.846289,5.689477,6.515465,5.961355,5.837585,3.969021
2017,RACACORMAE,87025,3.228318,3.224356,3.245227,3.402947,3.215109,1.978079
2017,ESCMAE2010,30272,1.122984,1.062773,1.379925,0.897289,1.140056,0.645273
2017,ESTCIVMAE,24807,0.920252,0.872976,1.121995,0.808668,0.928692,0.309212
2017,IDADEMAE,31,0.001150,0.000824,0.002540,0.000528,0.001197,-0.000271
2017,PARIDADE,0,0.000000,0.000000,0.000000,0.000000,0.000000,0.000000
2017,CODMUNRES,0,0.000000,0.000000,0.000000,0.000000,0.000000,0.000000
2018,QTDFILMORT,120577,4.409515,4.263985,5.060757,4.096669,4.433129,2.532247
2018,RACACORMAE,77909,2.849141,2.826505,2.950440,2.819521,2.851377,1.598902
2018,ESCMAE2010,30039,1.098530,1.032339,1.394731,0.897286,1.113720,0.620819
2018,ESTCIVMAE,24119,0.882035,0.844287,1.050954,0.778482,0.889851,0.270995
2018,IDADEMAE,65,0.002377,0.001790,0.005005,0.003648,0.002281,0.000956
2018,PARIDADE,0,0.000000,0.000000,0.000000,0.000000,0.000000,0.000000
2018,CODMUNRES,0,0.000000,0.000000,0.000000,0.000000,0.000000,0.000000
2019,QTDFILMORT,89305,3.375882,3.186041,4.264669,3.029857,3.402704,1.498614
2019,RACACORMAE,63693,2.407704,2.386514,2.506911,2.524356,2.398662,1.157465
2019,ESCMAE2010,23317,0.881422,0.816684,1.184511,0.707807,0.894880,0.403711
2019,ESTCIVMAE,22056,0.833755,0.794159,1.019130,0.790306,0.837122,0.222715
2019,IDADEMAE,44,0.001663,0.001468,0.002577,0.001051,0.001711,0.000242
2019,PARIDADE,0,0.000000,0.000000,0.000000,0.000000,0.000000,0.000000
2019,CODMUNRES,0,0.000000,0.000000,0.000000,0.000000,0.000000,0.000000
2020,QTDFILMORT,84034,3.314544,3.118472,4.237351,2.884203,3.347374,1.437276
2020,RACACORMAE,61233,2.415207,2.400451,2.484655,2.644920,2.397682,1.164968
2020,ESTCIVMAE,22798,0.899219,0.855514,1.104916,0.772386,0.908895,0.288179
2020,ESCMAE2010,21089,0.831811,0.775744,1.095688,0.695036,0.842245,0.354100
2020,IDADEMAE,56,0.002209,0.001578,0.005177,0.001113,0.002292,0.000788
2020,PARIDADE,0,0.000000,0.000000,0.000000,0.000000,0.000000,0.000000
2020,CODMUNRES,0,0.000000,0.000000,0.000000,0.000000,0.000000,0.000000
2021,QTDFILMORT,72295,2.913632,2.717503,3.936649,2.496746,2.946803,1.036364
2021,RACACORMAE,53344,2.149869,2.126128,2.273707,2.421833,2.128230,0.899630
2021,ESTCIVMAE,26025,1.048859,1.009032,1.256601,1.026914,1.050605,0.437819
2021,ESCMAE2010,21505,0.866694,0.804142,1.192969,0.807095,0.871436,0.388983
2021,IDADEMAE,42,0.001693,0.001537,0.002505,0.000000,0.001827,0.000272
2021,PARIDADE,0,0.000000,0.000000,0.000000,0.000000,0.000000,0.000000
2021,CODMUNRES,0,0.000000,0.000000,0.000000,0.000000,0.000000,0.000000
2022,QTDFILMORT,53060,2.213022,2.089903,2.868354,1.938563,2.236391,0.335754
2022,RACACORMAE,44300,1.847661,1.847040,1.850968,2.051784,1.830281,0.597422
2022,ESCMAE2010,18934,0.789698,0.726063,1.128407,0.702709,0.797104,0.311987
2022,ESTCIVMAE,18485,0.770971,0.734089,0.967282,0.723971,0.774973,0.159931
2022,IDADEMAE,34,0.001418,0.000842,0.004483,0.002126,0.001358,-0.000003
2022,PARIDADE,0,0.000000,0.000000,0.000000,0.000000,0.000000,0.000000
2022,CODMUNRES,0,0.000000,0.000000,0.000000,0.000000,0.000000,0.000000
2023,QTDFILMORT,49690,2.079649,2.025710,2.390779,1.780354,2.105291,0.202381
2023,RACACORMAE,36484,1.526945,1.516508,1.587149,1.637162,1.517502,0.276706
2023,ESTCIVMAE,14763,0.617868,0.592097,0.766522,0.609892,0.618551,0.006828
2023,ESCMAE2010,13206,0.552704,0.521528,0.732530,0.464048,0.560299,0.074993
2023,IDADEMAE,29,0.001214,0.001031,0.002266,0.001061,0.001227,-0.000207
2023,PARIDADE,0,0.000000,0.000000,0.000000,0.000000,0.000000,0.000000
2023,CODMUNRES,0,0.000000,0.000000,0.000000,0.000000,0.000000,0.000000
2024,QTDFILMORT,42268,1.877268,1.841924,2.099023,1.418775,1.916568,0.000000
2024,RACACORMAE,28150,1.250239,1.239055,1.320410,1.319202,1.244327,0.000000
2024,ESTCIVMAE,13758,0.611040,0.585259,0.772797,0.583937,0.613364,0.000000
2024,ESCMAE2010,10756,0.477711,0.456632,0.609967,0.399980,0.484374,0.000000
2024,IDADEMAE,32,0.001421,0.000978,0.004200,0.001125,0.001447,0.000000
2024,PARIDADE,0,0.000000,0.000000,0.000000,0.000000,0.000000,0.000000
2024,CODMUNRES,0,0.000000,0.000000,0.000000,0.000000,0.000000,0.000000
