ano,n_bruto,t_desconhecido_pct,mesprenat_99_pct,mesprenat_vazio_pct,mesprenat_outro_pct,peso_invalido_p0_pct,peso_fora_p1_pct,peso_abaixo_500,peso_acima_6000,dtnasc_invalida,dtnasc_fora_do_ano,contador_ausente,contador_duplicado,codmunres_malformado_bruto,codmunres_malformado_principal,inesperado_MESPRENAT,inesperado_GRAVIDEZ,inesperado_ESCMAE2010,inesperado_RACACORMAE,inesperado_ESTCIVMAE,inesperado_PARIDADE,inesperado_QTDFILMORT,inesperado_PESO,inesperado_IDADEMAE,idade_ausente_principal_pct
2014,2979259,7.567150,3.647518,3.832127,0.087505,0.053839,0.175816,3539,95,0,0,0,2353572,0,0,2607,0,0,0,0,0,0,0,0,0.002527
2015,3017668,6.860231,2.998839,3.861392,0.000000,0.039103,0.170695,3863,108,0,0,0,2383642,0,0,0,0,0,0,0,0,0,0,0,0.002112
2016,2857800,5.947827,2.731227,3.216600,0.000000,0.035797,0.179964,4015,105,0,0,0,2256363,0,0,0,0,0,0,0,0,0,0,0,0.001942
2017,2923535,5.618609,2.532345,3.086264,0.000000,0.033966,0.175815,4065,82,0,0,0,2311732,0,0,0,0,0,0,0,0,0,0,0,0.001150
2018,2944932,4.913662,2.413502,2.500160,0.000000,0.032089,0.168629,3926,95,0,0,0,0,0,0,0,0,0,0,0,0,0,0,0,0.002377
2019,2849146,4.895783,2.341052,2.554730,0.000000,0.026183,0.174263,4127,92,0,0,0,0,0,0,0,0,0,0,0,0,0,0,0,0.001663
2020,2730145,4.901351,2.479172,2.422179,0.000000,0.023332,0.171126,3928,107,0,0,0,0,0,0,0,0,0,0,0,0,0,0,0,0.002209
2021,2677101,5.067459,2.404616,2.662843,0.000000,0.021030,0.164357,3729,108,0,0,0,0,0,0,0,0,0,0,0,0,0,0,0,0.001693
2022,2561922,4.063785,2.059665,2.004120,0.000000,0.015496,0.173229,3982,59,0,0,0,0,0,0,0,0,0,0,0,0,0,0,0,0.001418
2023,2537576,3.465788,1.652404,1.813384,0.000000,0.010561,0.169768,3980,60,0,0,0,0,0,0,0,0,0,0,0,0,0,0,0,0.001214
2024,2389325,3.387442,1.572369,1.815073,0.000000,0.009249,0.167704,3727,59,0,0,0,0,0,0,0,0,0,0,0,0,0,0,0,0.001421
