codigo_municipio_ibge,municipio,uf,tipo_candidato,co_entidade,nomes_historicos_censo,primeiro_ano_registro_censo,ultimo_ano_registro_censo,primeiro_ano_ativa_censo,ultimo_ano_ativa_censo,primeiro_ano_ept_ativa_censo,ultimo_ano_ept_ativa_censo,sigla_unidade_sistec,nome_unidade_sistec,dt_autorizacao_sistec,uf_unidade_sistec,municipio_unidade_sistec,correspondencia_municipio
1200203,Cruzeiro do Sul,AC,CENSO_ESCOLAR,12030937,INSTITUTO FEDERAL DO ACRE CAMPUS CRUZEIRO DO SUL; IFAC - CAMPUS CRUZEIRO DO SUL,2012.0,2019.0,2012,2019,2012,2019,,,,,,codigo_ibge
1200203,Cruzeiro do Sul,AC,MEC_SISTEC,,,,,,,,,IFAC,Instituto Federal do Acre - Campus Cruzeiro do Sul,24/11/2010 16:48:48,AC,Cruzeiro do Sul,exata
1200500,Sena Madureira,AC,CENSO_ESCOLAR,12030945,INSTITUTO FEDERAL DO ACRE CAMPUS SENA MADUREIRA; IFAC - CAMPUS SENA MADUREIRA; ESC IFAC - CAMPUS SENA MADUREIRA,2012.0,2019.0,2012,2019,2012,2019,,,,,,codigo_ibge
1200500,Sena Madureira,AC,MEC_SISTEC,,,,,,,,,IFAC,Instituto Federal do Acre - Campus Sena Madureira,24/11/2010 16:40:10,AC,Sena Madureira,exata
2700300,Arapiraca,AL,CENSO_ESCOLAR,27047636,INSTITUTO FEDERAL DE EDUCACAO CIENCIA E TECNOLOGIA DE ALAGOAS CAMPUS ARAPIRACA; IFAL - CAMPUS ARAPIRACA,2011.0,2019.0,2011,2019,2011,2019,,,,,,codigo_ibge
2700300,Arapiraca,AL,MEC_SISTEC,,,,,,,,,IFAL,Instituto Federal de Alagoas - Campus Arapiraca,23/02/2011 11:38:31,AL,Arapiraca,exata
2704500,Maragogi,AL,CENSO_ESCOLAR,27047750,INSTITUTO FEDERAL DE EDUCACAO CIENCIAS E TECNOLOGIA DE ALAGOAS CAMPUS MARAGOGI; IFAL - CAMPUS MARAGOGI,2011.0,2019.0,2011,2019,2011,2019,,,,,,codigo_ibge
2704500,Maragogi,AL,MEC_SISTEC,,,,,,,,,IFAL,Instituto Federal de Alagoas - Campus Maragogi,23/02/2011 12:26:11,AL,Maragogi,exata
2706703,Penedo,AL,CENSO_ESCOLAR,27047830,INSTITUTO FEDERAL DE ALAGOAS CAMPUS PENEDO; IFAL - CAMPUS PENEDO,2011.0,2019.0,2011,2019,2011,2019,,,,,,codigo_ibge
2706703,Penedo,AL,MEC_SISTEC,,,,,,,,,IFAL,Instituto Federal de Alagoas - Campus Penedo,23/02/2011 12:17:08,AL,Penedo,exata
2707107,Piranhas,AL,CENSO_ESCOLAR,27047628,INSTITUTO FEDERAL DE ALAGOAS CAMPUS PIRANHAS; IFAL - CAMPUS PIRANHAS,2011.0,2019.0,2011,2019,2011,2019,,,,,,codigo_ibge
2707107,Piranhas,AL,MEC_SISTEC,,,,,,,,,IFAL,Instituto Federal de Alagoas - Campus Piranhas,23/02/2011 15:27:18,AL,Piranhas,exata
1302405,Lábrea,AM,CENSO_ESCOLAR,13324233,INSTITUTO FEDERAL DE EDUCACAO CIENCIA E TECNOLOGIA DO AMAZONAS CAMPUS LABREA; INSTITUTO FEDERAL DE EDUCACAO CIENCIA E TECNOLOGIA DO AMAZONAS - CAMPUS LABREA; IFAM - CAMPUS LABREA,2010.0,2019.0,2010,2019,2010,2019,,,,,,codigo_ibge
1302405,Lábrea,AM,MEC_SISTEC,,,,,,,,,IFAM,Instituto Federal do Amazonas - Campus Lábrea,01/06/2010 17:02:34,AM,Lábrea,exata
1302900,Maués,AM,CENSO_ESCOLAR,13321234,INSTITUTO FEDERAL DO AMAZONAS - CAMPUS MAUES; INSTITUTO FEDERAL DE EDUCACAO CIENCIA E TECNOLOGIA DO AMAZONAS - CAMPUS MAUES; IFAM - CAMPUS MAUES,2010.0,2019.0,2010,2019,2010,2019,,,,,,codigo_ibge
1302900,Maués,AM,MEC_SISTEC,,,,,,,,,IFAM,Instituto Federal do Amazonas - Campus Maués,01/06/2010 17:41:16,AM,Maués,exata
1303403,Parintins,AM,CENSO_ESCOLAR,13323237,INSTITUTO FEDERAL DO AMAZONAS CAMPUS PARINTINS; INSTITUTO FEDERAL DE EDUCACAO CIENCIA E TECNOLOGIA DO AMAZONAS - CAMPUS PARINTINS; IFAM - CAMPUS PARINTINS,2010.0,2019.0,2010,2019,2010,2019,,,,,,codigo_ibge
1303403,Parintins,AM,MEC_SISTEC,,,,,,,,,IFAM,Instituto Federal do Amazonas - Campus Parintins,08/06/2010 11:00:11,AM,Parintins,exata
1303536,Presidente Figueiredo,AM,CENSO_ESCOLAR,13322230,INSTITUTO FEDERAL DO AMAZONAS CAMPUS - PRESIDENTE FIGUEIREDO; INSTITUTO FEDERAL DE EDUCACAO CIENCIA E TECNOLOGIA DO AMAZONAS - CAMPUS PRESIDENTE FIGUEIREDO; IFAM - CAMPUS PRESIDENTE FIGUEIREDO,2010.0,2019.0,2010,2019,2010,2019,,,,,,codigo_ibge
1303536,Presidente Figueiredo,AM,MEC_SISTEC,,,,,,,,,IFAM,Instituto Federal do Amazonas - Campus Presidente Figueiredo,08/06/2010 13:39:15,AM,Presidente Figueiredo,exata
1304062,Tabatinga,AM,CENSO_ESCOLAR,13322249,INSTITUTO FEDERAL DO AMAZONAS CAMPUS TABATINGA; INSTITUTO FEDERAL DE EDUCACAO CIENCIA E TECNOLOGIA DO AMAZONAS - CAMPUS TABATINGA; IFAM - CAMPUS TABATINGA,2010.0,2019.0,2010,2019,2010,2019,,,,,,codigo_ibge
1304062,Tabatinga,AM,MEC_SISTEC,,,,,,,,,IFAM,Instituto Federal do Amazonas - Campus Tabatinga,08/06/2010 13:43:51,AM,Tabatinga,exata
1600279,Laranjal do Jari,AP,CENSO_ESCOLAR,16007123,INST FED DE EDUC CIENCIA E TECNOLOGIA DO AMAPA-CAMPUS LARANJAL DO JARI; IFAP - CAMPUS LARANJAL DO JARI,2011.0,2019.0,2011,2019,2011,2019,,,,,,codigo_ibge
1600279,Laranjal do Jari,AP,MEC_SISTEC,,,,,,,,,IFAP,Instituto Federal do Amapá - Campus Laranjal do Jari,10/09/2010 14:40:12,AP,Laranjal do Jari,exata
2903904,Bom Jesus da Lapa,BA,CENSO_ESCOLAR,29396581,INSTITUTO FEDERAL DE EDUCACAO CIENCIA E TECNOLOGIA BAIANO; INSTITUTO FEDERAL DE EDUCACAO CIENCIA E TECNOLOGIA BAIANO - CAMPUS BOM JESUS DA LAPA; IF BAIANO - CAMPUS BOM JESUS DA LAPA,2010.0,2019.0,2010,2019,2010,2019,,,,,,codigo_ibge
2903904,Bom Jesus da Lapa,BA,MEC_SISTEC,,,,,,,,,IF BAIANO,Instituto Federal Baiano - Campus Bom Jesus da Lapa,06/04/2010 16:38:56,BA,Bom Jesus da Lapa,exata
2910800,Feira de Santana,BA,CENSO_ESCOLAR,29448735,INSTITUTO FEDERAL DE EDUCACAO E CIENCIA E TECNOLOGIA - IFBA CAMPUS FEIRA DE SANTANA; IFBA - CAMPUS FEIRA DE SANTANA,2012.0,2019.0,2012,2019,2012,2019,,,,,,codigo_ibge
2910800,Feira de Santana,BA,MEC_SISTEC,,,,,,,,,IFBA,Instituto Federal da Bahia - Campus Feira de Santana,22/03/2011 16:27:41,BA,Feira de Santana,exata
2913606,Ilhéus,BA,CENSO_ESCOLAR,29448751,INSTITUTO FEDERAL DA BAHIA - CAMPUS DE ILHEUS; IFBA - CAMPUS ILHEUS,2012.0,2019.0,2012,2019,2012,2019,,,,,,codigo_ibge
2913606,Ilhéus,BA,MEC_SISTEC,,,,,,,,,IFBA,Instituto Federal da Bahia - Campus Ilhéus,22/03/2011 16:15:39,BA,Ilhéus,exata
2914604,Irecê,BA,CENSO_ESCOLAR,29397928,INSTITUTO FEDERAL DE EDUCACAO CIENCIA E TECNOLOGIA DA BAHIA - CAMPUS IRECE; IFBA - CAMPUS IRECE,2011.0,2019.0,2011,2019,2011,2019,,,,,,codigo_ibge
2914604,Irecê,BA,MEC_SISTEC,,,,,,,,,IFBA,Instituto Federal da Bahia - Campus Irecê,22/03/2011 16:04:57,BA,Irecê,exata
2917508,Jacobina,BA,CENSO_ESCOLAR,29449014,INSTITUTO FEDERAL DA BAHIA - CAMPUS JACOBINA,2012.0,2012.0,,,,,,,,,,codigo_ibge
2917508,Jacobina,BA,CENSO_ESCOLAR,29449677,INSTITUTO FEDERAL DE EDUCACAO CIENCIA E TECNOLOGIA DA BAHIA CAMPUS JACOBINA; IFBA - CAMPUS JACOBINA,2012.0,2019.0,2012,2019,2012,2019,,,,,,codigo_ibge
2917508,Jacobina,BA,MEC_SISTEC,,,,,,,,,IFBA,Instituto Federal da Bahia - Campus Jacobina,22/03/2011 16:21:03,BA,Jacobina,exata
2918001,Jequié,BA,CENSO_ESCOLAR,29397987,INSTITUTO FEDERAL DE DUCACAO CIENCIA E TECNOLOGIA DA BAHIA - CAMPUS JEQUIE; IFBA - CAMPUS JEQUIE,2012.0,2019.0,2012,2019,2012,2019,,,,,,codigo_ibge
2918001,Jequié,BA,MEC_SISTEC,,,,,,,,,IFBA,Instituto Federal da Bahia - Campus Jequié,22/03/2011 16:00:43,BA,Jequié,exata
2924009,Paulo Afonso,BA,CENSO_ESCOLAR,29397995,INSTITUTO FEDERAL DE EDUCACAO CIENCIA E TECNOLOGIA DA BAHIA - CAMPUS DE PAULO AFONSO; IFBA - CAMPUS PAULO AFONSO,2011.0,2019.0,2011,2019,2011,2019,,,,,,codigo_ibge
2924009,Paulo Afonso,BA,MEC_SISTEC,,,,,,,,,IFBA,Instituto Federal da Bahia - Campus Paulo Afonso,22/03/2011 16:08:15,BA,Paulo Afonso,exata
2929909,Seabra,BA,CENSO_ESCOLAR,29448743,INSTITUTO FEDERAL DE EDUCACAO CIENCIA E TECNOLOGIA DA BAHIA - CAMPUS SEABRA; IFBA - CAMPUS SEABRA,2012.0,2019.0,2012,2019,2012,2019,,,,,,codigo_ibge
2929909,Seabra,BA,MEC_SISTEC,,,,,,,,,IFBA,Instituto Federal da Bahia - Campus Seabra,22/03/2011 16:24:09,BA,Seabra,exata
2300200,Acaraú,CE,CENSO_ESCOLAR,23236140,IFCE - CAMPUS DE ACARAU; IFCE - CAMPUS ACARAU,2011.0,2019.0,2011,2019,2011,2019,,,,,,codigo_ibge
2300200,Acaraú,CE,MEC_SISTEC,,,,,,,,,IFCE,Instituto Federal do Ceará - Campus Acaraú,19/10/2010 15:16:44,CE,Acaraú,exata
2300200,Acaraú,CE,MEC_SISTEC,,,,,,,,,null,SEDE,30/09/2010 14:37:40,CE,Acaraú,exata
2302800,Canindé,CE,CENSO_ESCOLAR,23564172,INSTITUTO FEDERAL DE EDUCACAO CIENCIA E TECNOLOGIA; INSTITUTO FEDERAL DE EDUCACAO CIENCIA E TECNOLOGIA CAMPUS CANINDE; IFCE - CAMPUS CANINDE,2011.0,2019.0,2011,2019,2011,2019,,,,,,codigo_ibge
2302800,Canindé,CE,MEC_SISTEC,,,,,,,,,IFCE,Instituto Federal do Ceará - Campus Canindé,18/06/2010 15:56:59,CE,Canindé,exata
2304103,Crateús,CE,CENSO_ESCOLAR,23564229,INSTITUTO FEDERAL DE EDUCACAO CIENCIA E TECNOLOGIA CAMPO DE CRATEUS; IFCE - CAMPUS CRATEUS,2011.0,2019.0,2011,2019,2011,2019,,,,,,codigo_ibge
2304103,Crateús,CE,MEC_SISTEC,,,,,,,,,IFCE,Instituto Federal do Ceará - Campus Crateús,19/10/2010 15:55:34,CE,Crateús,exata
2307601,Limoeiro do Norte,CE,CENSO_ESCOLAR,23533986,INSTITUTO FEDERAL DE EDUCACAO CIENCIA E TECNOLOGIA DO CEARA; IFCE - CAMPUS LIMOEIRO DO NORTE,2009.0,2019.0,2009,2019,2009,2019,,,,,,codigo_ibge
2307601,Limoeiro do Norte,CE,MEC_SISTEC,,,,,,,,,IFCE,Instituto Federal do Ceará - Campus Limoeiro do Norte,19/05/2009 17:24:26,CE,Limoeiro do Norte,exata
2311306,Quixadá,CE,CENSO_ESCOLAR,23236159,INSTITUTO FEDERAL DE EDUCACAO CIENCIA E TECNOLOGIA DO CEARA - CAMPUS QUIXADA; IFCE - CAMPUS QUIXADA,2011.0,2019.0,2011,2019,2011,2019,,,,,,codigo_ibge
2311306,Quixadá,CE,MEC_SISTEC,,,,,,,,,IFCE,Instituto Federal do Ceará - Campus Quixadá,10/03/2009 09:32:49,CE,Quixadá,exata
2311306,Quixadá,CE,MEC_SISTEC,,,,,,,,,null,INSTITUTO FEDERAL DO CEARÁ - QUIXADÁ,19/05/2009 17:21:30,CE,Quixadá,exata
2312908,Sobral,CE,CENSO_ESCOLAR,23236213,CAMPUS SOBRAL; IFCE - CAMPUS SOBRAL,2011.0,2019.0,2011,2019,2011,2019,,,,,,codigo_ibge
2312908,Sobral,CE,MEC_SISTEC,,,,,,,,,IFCE,Instituto Federal do Ceará - Campus Sobral,19/05/2009 17:11:32,CE,Sobral,exata
5300108,Brasília,DF,CENSO_ESCOLAR,53000773,CR DA ASSOC PIONEIRAS SOCIAIS,2007.0,2016.0,2007,2015,,,,,,,,codigo_ibge
5300108,Brasília,DF,CENSO_ESCOLAR,53001354,COL MILITAR DE BRASILIA,2007.0,2019.0,2007,2019,,,,,,,,codigo_ibge
5300108,Brasília,DF,CENSO_ESCOLAR,53006178,ESC TECNICA FEDERAL DE BRASILIA - DF; INST FEDERAL DE EDUCACAO CIENCIA E TECNOLOGIA DE BRASILIA - IFB; INST FEDERAL DE BRASILIA - CAMPUS PLANALTINA; IFB - CAMPUS PLANALTINA,2008.0,2019.0,2008,2019,2008,2019,,,,,,codigo_ibge
5300108,Brasília,DF,CENSO_ESCOLAR,53015215,INST FEDERAL DE BRASILIA - CAMPUS BRASILIA; IFB - CAMPUS BRASILIA,2011.0,2019.0,2011,2019,2011,2019,,,,,,codigo_ibge
5300108,Brasília,DF,CENSO_ESCOLAR,53015223,INST FEDERAL DE BRASILIA - CAMPUS TAGUATINGA; IFB - CAMPUS TAGUATINGA,2011.0,2019.0,2011,2019,2011,2019,,,,,,codigo_ibge
5300108,Brasília,DF,CENSO_ESCOLAR,53015231,INST FEDERAL DE BRASILIA - CAMPUS SAMAMBAIA; IFB - CAMPUS SAMAMBAIA,2011.0,2019.0,2011,2019,2011,2019,,,,,,codigo_ibge
5300108,Brasília,DF,CENSO_ESCOLAR,53015240,INST FEDERAL DE BRASILIA - CAMPUS GAMA; IFB - CAMPUS GAMA,2011.0,2019.0,2011,2019,2011,2019,,,,,,codigo_ibge
5300108,Brasília,DF,CENSO_ESCOLAR,53015380,INST FEDERAL DE BRASILIA - CAMPUS RIACHO FUNDO; IFB - CAMPUS RIACHO FUNDO,2012.0,2019.0,2012,2019,2012,2019,,,,,,codigo_ibge
5300108,Brasília,DF,CENSO_ESCOLAR,53015398,INST FEDERAL DE BRASILIA - CAMPUS TAGUATINGA CENTRO; IFB - CAMPUS TAGUATINGA CENTRO,2012.0,2018.0,2012,2017,2012,2017,,,,,,codigo_ibge
5300108,Brasília,DF,CENSO_ESCOLAR,53015401,INST FEDERAL DE BRASILIA - CAMPUS SAO SEBASTIAO; IFB - CAMPUS SAO SEBASTIAO,2012.0,2019.0,2012,2019,2012,2019,,,,,,codigo_ibge
5300108,Brasília,DF,CENSO_ESCOLAR,53016645,IFB - CAMPUS CEILANDIA,2015.0,2019.0,2015,2019,2015,2019,,,,,,codigo_ibge
5300108,Brasília,DF,CENSO_ESCOLAR,53016653,IFB - CAMPUS ESTRUTURAL,2016.0,2019.0,2016,2019,2016,2019,,,,,,codigo_ibge
5300108,Brasília,DF,CENSO_ESCOLAR,53017668,IFB - CAMPUS RECANTO DAS EMAS,2018.0,2019.0,2018,2019,2018,2019,,,,,,codigo_ibge
5300108,Brasília,DF,MEC_SISTEC,,,,,,,,,null,CEMAB,05/07/2013 18:18:53,DF,Brasília,exata
5300108,Brasília,DF,MEC_SISTEC,,,,,,,,,null,CESEC TEOTONIO MAGALHAES,21/02/2013 14:29:35,DF,Brasília,exata
5300108,Brasília,DF,MEC_SISTEC,,,,,,,,,null,Escola teste - manual sistec,26/02/2016 11:06:10,DF,Brasília,exata
5300108,Brasília,DF,MEC_SISTEC,,,,,,,,,IFB,INSTITUTO FEDERAL DE BRASÍLIA CAMPUS AVANÇADO SOBRADINHO,20/03/2014 09:50:23,DF,Brasília,exata
5300108,Brasília,DF,MEC_SISTEC,,,,,,,,,IFB,Instituto Federal de Brasília - Campus Brasília,05/01/2010 14:13:25,DF,Brasília,exata
5300108,Brasília,DF,MEC_SISTEC,,,,,,,,,IFB,INSTITUTO FEDERAL DE BRASILIA CAMPUS CEILÂNDIA,28/05/2012 12:12:56,DF,Brasília,exata
5300108,Brasília,DF,MEC_SISTEC,,,,,,,,,IFB,INSTITUTO FEDERAL DE BRASÍLIA CAMPUS ESTRUTURAL,23/04/2012 15:06:42,DF,Brasília,exata
5300108,Brasília,DF,MEC_SISTEC,,,,,,,,,IFB,Instituto Federal de Brasília - Campus Gama,21/01/2010 12:54:12,DF,Brasília,exata
5300108,Brasília,DF,MEC_SISTEC,,,,,,,,,IFB,Instituto Federal de Brasília - Campus Planaltina,02/03/2009 10:27:56,DF,Brasília,exata
5300108,Brasília,DF,MEC_SISTEC,,,,,,,,,IFB,INSTITUTO FEDERAL DE BRASILIA CAMPUS RECANTO DAS EMAS,01/11/2011 08:34:34,DF,Brasília,exata
5300108,Brasília,DF,MEC_SISTEC,,,,,,,,,null,INSTITUTO FEDERAL DE BRASILIA CAMPUS RECANTO DAS EMAS inativa,07/06/2018 12:22:46,DF,Brasília,exata
5300108,Brasília,DF,MEC_SISTEC,,,,,,,,,IFB,Instituto Federal de Brasília - Campus Riacho Fundo,15/07/2011 11:44:14,DF,Brasília,exata
5300108,Brasília,DF,MEC_SISTEC,,,,,,,,,IFB,Instituto Federal de Brasília - Campus Samambaia,21/01/2010 12:47:36,DF,Brasília,exata
5300108,Brasília,DF,MEC_SISTEC,,,,,,,,,null,INSTITUTO FEDERAL DE BRASILIA CAMPUS SÃO SEBASTIÃO,07/06/2011 16:46:33,DF,Brasília,exata
5300108,Brasília,DF,MEC_SISTEC,,,,,,,,,IFB,Instituto Federal de Brasília - Campus São Sebastião,15/07/2011 11:40:42,DF,Brasília,exata
5300108,Brasília,DF,MEC_SISTEC,,,,,,,,,IFB,Instituto Federal de Brasília - Campus Taguatinga,21/01/2010 12:40:01,DF,Brasília,exata
5300108,Brasília,DF,MEC_SISTEC,,,,,,,,,null,INSTITUTO MATHEUS,22/02/2013 15:00:25,DF,Brasília,exata
5300108,Brasília,DF,MEC_SISTEC,,,,,,,,,null,INSTITUTO PRIsCIlLA CASTILHO,16/07/2009 15:38:24,DF,Brasília,exata
5300108,Brasília,DF,MEC_SISTEC,,,,,,,,,null,INSTITUTO TAULUS,19/03/2013 15:02:26,DF,Brasília,exata
5300108,Brasília,DF,MEC_SISTEC,,,,,,,,,null,Ministério da Eduação,15/05/2012 14:59:11,DF,Brasília,exata
3200607,Aracruz,ES,CENSO_ESCOLAR,32102003,IFES - CAMPUS ARACRUZ,2009.0,2019.0,2009,2019,2009,2019,,,,,,codigo_ibge
3200607,Aracruz,ES,MEC_SISTEC,,,,,,,,,IFES,Instituto Federal do Espírito Santo - Campus Aracruz,15/05/2009 09:01:59,ES,Aracruz,exata
3202454,Ibatiba,ES,CENSO_ESCOLAR,32078501,INSTITUTO FEDERAL DO ESPIRITO SANTO - CAMPUS IBATIBA; IFES - CAMPUS IBATIBA,2011.0,2019.0,2011,2019,2011,2019,,,,,,codigo_ibge
3202454,Ibatiba,ES,MEC_SISTEC,,,,,,,,,IFES,Instituto Federal do Espírito Santo - Campus Ibatiba,11/01/2011 16:53:52,ES,Ibatiba,exata
3203205,Linhares,ES,CENSO_ESCOLAR,32102070,IFES - CAMPUS LINHARES,2009.0,2019.0,2009,2019,2009,2019,,,,,,codigo_ibge
3203205,Linhares,ES,MEC_SISTEC,,,,,,,,,IFES,Instituto Federal do Espírito Santo - Campus Linhares,15/05/2009 09:21:05,ES,Linhares,exata
3203908,Nova Venécia,ES,CENSO_ESCOLAR,32101856,IFES - CAMPUS DE NOVA VENECIA; IFES CAMPUS NOVA VENECIA; IFES - INSTITUTO FEDERAL DO ESPIRITO SANTO - CAMPUS NOVA VENECIA; IFES - CAMPUS NOVA VENECIA,2009.0,2019.0,2009,2019,2009,2019,,,,,,codigo_ibge
3203908,Nova Venécia,ES,MEC_SISTEC,,,,,,,,,IFES,Instituto Federal do Espírito Santo - Campus Nova Venécia,15/05/2009 09:11:57,ES,Nova Venécia,exata
3205200,Vila Velha,ES,CENSO_ESCOLAR,32078498,INSTITUTO FEDERAL DO ESPIRITO SANTO-CAMPUS VILA VELHA; IFES - CAMPUS VILA VELHA,2011.0,2019.0,2011,2019,2011,2019,,,,,,codigo_ibge
3205200,Vila Velha,ES,MEC_SISTEC,,,,,,,,,IFES,Instituto Federal do Espírito Santo - Campus Vila Velha,24/03/2011 10:21:55,ES,Vila Velha,exata
5201108,Anápolis,GO,CENSO_ESCOLAR,52096009,INSTITUTO FEDERAL DE EDUCACAO CIENCIA E TECNOLOGIA DE GOIAS - CAMPUS ANAPOLIS; IFG - CAMPUS ANAPOLIS,2011.0,2019.0,2011,2019,2011,2019,,,,,,codigo_ibge
5201108,Anápolis,GO,MEC_SISTEC,,,,,,,,,IFG,Instituto Federal de Goiás - Campus Anápolis,08/06/2010 10:51:31,GO,Anápolis,exata
5208004,Formosa,GO,CENSO_ESCOLAR,52095924,INSTITUTO FEDERAL DE EDUCACAO CIENCIA E TECNOLOGIA DE GOIAS - CAMPUS DE FORMOSA; IFG - CAMPUS FORMOSA,2011.0,2019.0,2011,2019,2011,2019,,,,,,codigo_ibge
5208004,Formosa,GO,MEC_SISTEC,,,,,,,,,IFG,Instituto Federal de Goiás - Campus Formosa,08/06/2010 11:09:12,GO,Formosa,exata
5210208,Iporá,GO,CENSO_ESCOLAR,52096408,INSTITUTO FEDERAL DE EDUCACAO CIENCIA E TECNOLOGIA GOIANO - CAMPUS IPORA; IF GOIANO - CAMPUS IPORA,2011.0,2019.0,2011,2019,2011,2019,,,,,,codigo_ibge
5210208,Iporá,GO,MEC_SISTEC,,,,,,,,,IF GOIANO,Instituto Federal Goiano - Campus Iporá,23/08/2010 14:10:42,GO,Iporá,exata
5211503,Itumbiara,GO,CENSO_ESCOLAR,52202372,INSTITUTO FEDERAL DE EDUCACAO CIENCIA E TECNOLOGIA DE GOIAS - CAMPUS ITUMBIARA; IFG - CAMPUS ITUMBIARA,2009.0,2019.0,2009,2019,2009,2019,,,,,,codigo_ibge
5211503,Itumbiara,GO,MEC_SISTEC,,,,,,,,,IFG,Instituto Federal de Goiás - Campus Itumbiara,13/05/2009 15:19:41,GO,Itumbiara,exata
5212501,Luziânia,GO,CENSO_ESCOLAR,52096483,INSTITUTO FEDERAL DE EDUCACAO CIENCIA E TECNOLOGIA DE GOIAS CAMPUS LUZIANIA; IFG - CAMPUS LUZIANIA,2011.0,2019.0,2011,2019,2011,2019,,,,,,codigo_ibge
5212501,Luziânia,GO,MEC_SISTEC,,,,,,,,,IFG,Instituto Federal de Goiás - Campus Luziânia,08/06/2010 11:17:50,GO,Luziânia,exata
5221601,Uruaçu,GO,CENSO_ESCOLAR,52188434,INSTITUTO FEDERAL DE EDUCACAO CIENCIA E TECNOLOGIA DE GOIAS - CAMPUS URUACU; IFG - CAMPUS URUACU,2009.0,2019.0,2009,2019,2009,2019,,,,,,codigo_ibge
5221601,Uruaçu,GO,MEC_SISTEC,,,,,,,,,IFG,Instituto Federal de Goiás - Campus Uruaçu,13/05/2009 15:28:53,GO,Uruaçu,exata
2100204,Alcântara,MA,CENSO_ESCOLAR,21000492,ESC CAMINHO DAS ESTRELAS; ESCOLA CAMINHO DAS ESTRELAS,2007.0,2019.0,2007,2019,,,,,,,,codigo_ibge
2100204,Alcântara,MA,CENSO_ESCOLAR,21436207,UNID DE ENSINO DESCENTRALIZADA DE ALCANTARA CEFET; INSTITUTO FEDERAL DE EDUCACAO CIENCIA E TECNOLOGIA DO MARANHAO NUCLEO AVANCADO DE ALCANTARA; INSTITUTO FEDERAL DE EDUCACAO CIENCIA E TECNOLOGIA DO MARANHAO CAMPUS ALCANTARA; INSTITUTO FEDERAL DO MARANHAO - CAMPUS ALCANTARA; IFMA - CAMPUS ALCANTARA,2008.0,2019.0,2008,2019,2008,2019,,,,,,codigo_ibge
2100204,Alcântara,MA,MEC_SISTEC,,,,,,,,,IFMA,Instituto Federal do Maranhão - Campus Alcântara,06/07/2010 16:16:25,MA,Alcântara,exata
2101202,Bacabal,MA,CENSO_ESCOLAR,21198969,INSTITUTO FEDERAL DO MARANHAO - CAMPUS BACABAL; IFMA - CAMPUS BACABAL,2011.0,2019.0,2011,2019,2011,2019,,,,,,codigo_ibge
2101202,Bacabal,MA,MEC_SISTEC,,,,,,,,,IFMA,Instituto Federal do Maranhão - Campus Bacabal,21/04/2011 17:46:05,MA,Bacabal,exata
2101608,Barra do Corda,MA,CENSO_ESCOLAR,21199108,INSTITUTO FEDERAL DO MARANHAO - CAMPUS BARRA DO CORDA; IFMA - CAMPUS BARRA DO CORDA,2011.0,2019.0,2011,2019,2011,2019,,,,,,codigo_ibge
2101608,Barra do Corda,MA,MEC_SISTEC,,,,,,,,,IFMA,Instituto Federal do Maranhão - Campus Barra do Corda,23/03/2011 11:23:12,MA,Barra do Corda,exata
2101707,Barreirinhas,MA,CENSO_ESCOLAR,21197067,INSTITUTO FEDERAL DO MARANHAO - CAMPUS BARREIRINHAS; IFMA - CAMPUS BARREIRINHAS,2011.0,2019.0,2011,2019,2011,2019,,,,,,codigo_ibge
2101707,Barreirinhas,MA,MEC_SISTEC,,,,,,,,,IFMA,Instituto Federal do Maranhão - Campus Barreirinhas,22/03/2011 11:03:27,MA,Barreirinhas,exata
2103000,Caxias,MA,CENSO_ESCOLAR,21199310,INSTITUTO FEDERAL DO MARANHAO - CAMPUS CAXIAS; IFMA - CAMPUS CAXIAS,2011.0,2019.0,2011,2019,2011,2019,,,,,,codigo_ibge
2103000,Caxias,MA,MEC_SISTEC,,,,,,,,,IFMA,Instituto Federal do Maranhão - Campus Caxias,30/05/2011 17:43:47,MA,Caxias,exata
2108603,Pinheiro,MA,CENSO_ESCOLAR,21199302,INSTITUTO FEDERAL DO MARANHAO - CAMPUS PINHEIRO; IFMA - CAMPUS PINHEIRO,2011.0,2019.0,2011,2019,2011,2019,,,,,,codigo_ibge
2108603,Pinheiro,MA,MEC_SISTEC,,,,,,,,,IFMA,Instituto Federal do Maranhão - Campus Pinheiro,13/05/2011 18:25:00,MA,Pinheiro,exata
2111102,São João dos Patos,MA,CENSO_ESCOLAR,21248559,INSTITUTO FEDERAL DO MARANHAO - CAMPUS SAO JOAO DOS PATOS; IFMA - CAMPUS SAO JOAO DOS PATOS,2011.0,2019.0,2011,2019,2011,2019,,,,,,codigo_ibge
2111102,São João dos Patos,MA,MEC_SISTEC,,,,,,,,,IFMA,Instituto Federal do Maranhão - Campus São João dos Patos,22/03/2011 14:36:22,MA,São João dos Patos,exata
2112209,Timon,MA,CENSO_ESCOLAR,21198900,INSTITUTO FEDERAL DO MARANHAO - CAMPUS TIMON; INSTITUTO FEDERAL DE EDUCACAO CIENCIA E TECNOLOGIA DO MARANHAO - CAMPUS TIMON; IFMA - CAMPUS TIMON,2011.0,2019.0,2011,2019,2011,2019,,,,,,codigo_ibge
2112209,Timon,MA,MEC_SISTEC,,,,,,,,,IFMA,Instituto Federal do Maranhão - Campus Timon,30/05/2011 17:24:19,MA,Timon,exata
3101706,Almenara,MG,CENSO_ESCOLAR,31349658,INSTITUTO FEDERAL DE EDUCACAO DO NORTE DE MINAS - CAMPUS ALMENARA; IFNMG - CAMPUS ALMENARA,2011.0,2019.0,2011,2019,2011,2019,,,,,,codigo_ibge
3101706,Almenara,MG,MEC_SISTEC,,,,,,,,,IFNMG,Instituto Federal do Norte de Minas Gerais - Campus Almenara,28/09/2010 11:24:35,MG,Almenara,exata
3103405,Araçuaí,MG,CENSO_ESCOLAR,31347272,INSTITUTO FEDERAL DO NORTE DE MINAS- CAMPUS ARACUAI; INSTITUTO FEDERAL DE EDUCACAO CIENCIA E TECNOLOGIA DO NORTE DE MINAS GERAIS-CAMPUS ARACUAI; IFNMG - CAMPUS ARACUAI,2010.0,2019.0,2010,2019,2010,2019,,,,,,codigo_ibge
3103405,Araçuaí,MG,MEC_SISTEC,,,,,,,,,null,INSTITUTO FEDERAL DO NORTE DE MINAS CAMPUS ARAÇUAÍ,16/04/2010 10:10:18,MG,Araçuaí,exata
3103405,Araçuaí,MG,MEC_SISTEC,,,,,,,,,IFNMG,Instituto Federal do Norte de Minas Gerais - Campus Araçuaí,15/04/2010 15:36:50,MG,Araçuaí,exata
3104502,Arinos,MG,CENSO_ESCOLAR,31345440,INSTITUTO FEDERAL DE EDUCACAO CIENCIA E TECNOLOGIA DO NORTE DE MINAS GERAIS - CAMPUS ARINOS; IFNMG - CAMPUS ARINOS,2009.0,2019.0,2009,2019,2009,2019,,,,,,codigo_ibge
3104502,Arinos,MG,MEC_SISTEC,,,,,,,,,IFNMG,Instituto Federal do Norte de Minas Gerais - Campus Arinos,11/11/2009 14:35:53,MG,Arinos,exata
3118601,Contagem,MG,CENSO_ESCOLAR,31349275,EE DE ENSINO MEDIO,2011.0,2011.0,2011,2011,,,,,,,,codigo_ibge
3118601,Contagem,MG,CENSO_ESCOLAR,31005144,CENTRO FEDERAL DE EDUCACAO TECNOLOGICA DE MINAS GERAIS CAMPUS CONTAGEM; CAMPUS 11 - CONTAGEM; CEFET-MG - UNED CONTAGEM,2013.0,2019.0,2013,2019,2013,2019,,,,,,codigo_ibge
3118601,Contagem,MG,CENSO_ESCOLAR,31353230,CEFET MG- CAMPUS CONTAGEM,2017.0,2018.0,,,,,,,,,,codigo_ibge
3118601,Contagem,MG,MEC_SISTEC,,,,,,,,,null,CEFET - MG UNED contagem,21/03/2012 16:58:14,MG,Contagem,exata
3118601,Contagem,MG,MEC_SISTEC,,,,,,,,,null,CEFET - MG UNED contagem,21/03/2012 16:58:30,MG,Contagem,exata
3118601,Contagem,MG,MEC_SISTEC,,,,,,,,,null,CEFET- MINAS Campus Contagem,21/03/2012 16:15:01,MG,Contagem,exata
3118601,Contagem,MG,MEC_SISTEC,,,,,,,,,CEFET-MG,Centro Federal de Educação Tecnológica de Minas Gerais - Uned Contagem,21/03/2012 16:58:47,MG,Contagem,exata
3118601,Contagem,MG,MEC_SISTEC,,,,,,,,,null,EFAI-ESCOLA DE AVIAÇÃO CIVIL,29/09/2017 10:45:32,MG,Contagem,exata
3120904,Curvelo,MG,CENSO_ESCOLAR,31347787,CEFET DE CURVELO; CENTRO FEDERAL DE EDUCACAO TECNOLOGICA DE MINAS GERAIS UNIDADE CURVELO; CEFET-MG - UNED CURVELO,2010.0,2019.0,2010,2019,2010,2019,,,,,,codigo_ibge
3120904,Curvelo,MG,MEC_SISTEC,,,,,,,,,CEFET-MG,Centro Federal de Educação Tecnológica de Minas Gerais - Uned Curvelo,18/03/2010 12:57:45,MG,Curvelo,exata
3126109,Formiga,MG,CENSO_ESCOLAR,31344664,INST FED DE EDUC CIENCIA E TECNOLOGIA MG - CAMPUS FORMIGA; IFMG - CAMPUS FORMIGA,2009.0,2019.0,2009,2019,2009,2019,,,,,,codigo_ibge
3126109,Formiga,MG,MEC_SISTEC,,,,,,,,,IFMG,Instituto Federal de Minas Gerais - Campus Formiga,17/04/2009 14:19:11,MG,Formiga,exata
3127701,Governador Valadares,MG,CENSO_ESCOLAR,31347701,INSTITUTO FEDERAL DE EDUCACAO CIENCIA E TECNOLOGIA DE MINAS GERAIS - CAMPUS GOVERNADOR VALADARES; IFMG - CAMPUS GOVERNADOR VALADARES,2010.0,2019.0,2010,2019,2010,2019,,,,,,codigo_ibge
3127701,Governador Valadares,MG,MEC_SISTEC,,,,,,,,,IFMG,Instituto Federal de Minas Gerais - Campus Governador Valadares,05/11/2009 11:02:46,MG,Governador Valadares,exata
3134202,Ituiutaba,MG,CENSO_ESCOLAR,31345407,INSTITUTO FEDERAL DO TRIANGULO MINEIRO - CAMPUS ITUIUTABA; IFTM - CAMPUS ITUIUTABA,2009.0,2019.0,2009,2019,2009,2019,,,,,,codigo_ibge
3134202,Ituiutaba,MG,MEC_SISTEC,,,,,,,,,IFTM,Instituto Federal do Triângulo Mineiro - Campus Ituiutaba,04/05/2009 14:23:08,MG,Ituiutaba,exata
3143302,Montes Claros,MG,CENSO_ESCOLAR,31079332,COL AGRIC ANTONIO V ATHAYDE; COLEGIO AGRICOLA ANTONIO V ATHAYDE,2007.0,2019.0,2007,2008,2007,2008,,,,,,codigo_ibge
3143302,Montes Claros,MG,CENSO_ESCOLAR,31349607,INSTITUTO FEDERAL DO NORTE DE MINAS - CAMPUS MONTES CLAROS; INSTITUTO FEDERAL DO NORTE DE MINAS GERAIS - CAMPUS MONTES CLAROS; IFNMG - CAMPUS MONTES CLAROS,2011.0,2019.0,2011,2019,2011,2019,,,,,,codigo_ibge
3143302,Montes Claros,MG,CENSO_ESCOLAR,31031552,IFNMG - CENTRO DE REFERENCIA EM EDUCACAO A DISTANCIA,2016.0,2019.0,2016,2019,2016,2019,,,,,,codigo_ibge
3143302,Montes Claros,MG,MEC_SISTEC,,,,,,,,,IFNMG,Instituto Federal do Norte de Minas Gerais - Campus Montes Claros,28/09/2010 11:28:58,MG,Montes Claros,exata
3143302,Montes Claros,MG,MEC_SISTEC,,,,,,,,,null,INSTITUTO FEDERAL DO NORTE DE MINAS GERAIS CENTRO DE REFERÊNCIA BURITIS,02/07/2015 15:31:09,MG,Montes Claros,exata
3143302,Montes Claros,MG,MEC_SISTEC,,,,,,,,,IFNMG,INSTITUTO FEDERAL DO NORTE DE MINAS GERAIS - CENTRO DE REFERÊNCIA EM EDUCAÇÃO A DISTÂNCIA,01/10/2014 17:27:29,MG,Montes Claros,exata
3143906,Muriaé,MG,CENSO_ESCOLAR,31347914,INSTITUTO FEDERAL DE EDUCACAO CIENCIA E TECNOLOGIA DO SUDESTE DE MINAS GERAIS; INSTITUTO FEDERAL DE EDUCACAO CIENCIA E TECNOLOGIA DO SUDESTE DE MINAS GERAIS- CAMPUS MURIAE; IF SUDESTE MG - CAMPUS MURIAE,2010.0,2019.0,2010,2019,2010,2019,,,,,,codigo_ibge
3143906,Muriaé,MG,MEC_SISTEC,,,,,,,,,IF SUDESTE MG,Instituto Federal do Sudeste de Minas Gerais - Campus Muriaé,02/03/2010 09:21:40,MG,Muriaé,exata
3147006,Paracatu,MG,CENSO_ESCOLAR,31345415,INSTITUTO FEDERAL DO TRIANGULO MINEIRO - CAMPUS PARACATU; IFTM - CAMPUS PARACATU,2009.0,2019.0,2009,2019,2009,2019,,,,,,codigo_ibge
3147006,Paracatu,MG,MEC_SISTEC,,,,,,,,,IFTM,Instituto Federal do Triângulo Mineiro - Campus Paracatu,04/05/2009 14:18:39,MG,Paracatu,exata
3151206,Pirapora,MG,CENSO_ESCOLAR,31349410,INSTITUTO FEDERAL DE EDUCACAO CIENCIA E TECNOLOGIA DO NORTE DE MINAS- CAMPUS PIRAPORA; IFNMG - CAMPUS PIRAPORA,2011.0,2019.0,2011,2019,2011,2019,,,,,,codigo_ibge
3151206,Pirapora,MG,MEC_SISTEC,,,,,,,,,IFNMG,Instituto Federal do Norte de Minas Gerais - Campus Pirapora,28/09/2010 11:38:14,MG,Pirapora,exata
5001102,Aquidauana,MS,CENSO_ESCOLAR,50082817,INSTITUTO FEDERAL DE MATO GROSSO DO SUL - CAMPUS AQUIDAUANA; IFMS - CAMPUS AQUIDAUANA,2011.0,2019.0,2011,2019,2011,2019,,,,,,codigo_ibge
5001102,Aquidauana,MS,MEC_SISTEC,,,,,,,,,IFMS,Instituto Federal do Mato Grosso do Sul - Campus Aquidauana,08/07/2010 12:11:12,MS,Aquidauana,exata
5003207,Corumbá,MS,CENSO_ESCOLAR,50082833,INSTITUTO FEDERAL DE MATO GROSSO DO SUL - CAMPUS CORUMBA; IFMS - CAMPUS CORUMBA,2011.0,2019.0,2011,2019,2011,2019,,,,,,codigo_ibge
5003207,Corumbá,MS,MEC_SISTEC,,,,,,,,,IFMS,Instituto Federal do Mato Grosso do Sul - Campus Corumbá,17/09/2010 10:03:33,MS,Corumbá,exata
5003306,Coxim,MS,CENSO_ESCOLAR,50082841,INSTITUTO FEDERAL DE MATO GROSSO DO SUL - CAMPUS COXIM; IFMS - CAMPUS COXIM,2011.0,2019.0,2011,2019,2011,2019,,,,,,codigo_ibge
5003306,Coxim,MS,MEC_SISTEC,,,,,,,,,IFMS,Instituto Federal do Mato Grosso do Sul - Campus Coxim,08/07/2010 12:11:58,MS,Coxim,exata
5006606,Ponta Porã,MS,CENSO_ESCOLAR,50082850,INSTITUTO FEDERAL DE MATO GROSSO DO SUL - CAMPUS PONTA PORA; IFMS - CAMPUS PONTA PORA,2011.0,2019.0,2011,2019,2011,2019,,,,,,codigo_ibge
5006606,Ponta Porã,MS,MEC_SISTEC,,,,,,,,,IFMS,Instituto Federal do Mato Grosso do Sul - Campus Ponta Porã,08/07/2010 12:14:40,MS,Ponta Porã,exata
5008305,Três Lagoas,MS,CENSO_ESCOLAR,50082868,INSTITUTO FEDERAL DE MATO GROSSO DO SUL - CAMPUS TRES LAGOAS; IFMS - CAMPUS TRES LAGOAS,2011.0,2019.0,2011,2019,2011,2019,,,,,,codigo_ibge
5008305,Três Lagoas,MS,MEC_SISTEC,,,,,,,,,IFMS,Instituto Federal do Mato Grosso do Sul - Campus Três Lagoas,08/07/2010 12:10:44,MS,Três Lagoas,exata
5101803,Barra do Garças,MT,CENSO_ESCOLAR,51064758,IFMT - CAMPUS BARRA DO GARCAS,2011.0,2019.0,2011,2019,2011,2019,,,,,,codigo_ibge
5101803,Barra do Garças,MT,MEC_SISTEC,,,,,,,,,IFMT,Instituto Federal de Mato Grosso - Campus Barra do Garças,11/05/2011 09:23:11,MT,Barra do Garças,exata
5102637,Campo Novo do Parecis,MT,CENSO_ESCOLAR,51174804,IFMT CAMPUS PARECIS; IFMT - CAMPUS CAMPO NOVO DO PARECIS,2009.0,2019.0,2009,2019,2009,2019,,,,,,codigo_ibge
5102637,Campo Novo do Parecis,MT,MEC_SISTEC,,,,,,,,,IFMT,Instituto Federal de Mato Grosso - Campus Campo Novo do Parecis,13/05/2009 10:26:51,MT,Campo Novo do Parecis,exata
5103353,Confresa,MT,CENSO_ESCOLAR,51198819,INSTITUTO FEDERAL DE EDUCACAO CIENCIA E TECNOLOGIA DE MT - CAMPUS CONFRESA; IFMT - CAMPUS CONFRESA,2010.0,2019.0,2010,2019,2010,2019,,,,,,codigo_ibge
5103353,Confresa,MT,MEC_SISTEC,,,,,,,,,IFMT,Instituto Federal de Mato Grosso - Campus Confresa,10/03/2010 11:43:31,MT,Confresa,exata
5105150,Juína,MT,CENSO_ESCOLAR,51192802,IFMT - CAMPUS JUINA,2010.0,2019.0,2010,2019,2010,2019,,,,,,codigo_ibge
5105150,Juína,MT,MEC_SISTEC,,,,,,,,,IFMT,Instituto Federal de Mato Grosso - Campus Juína,10/03/2010 11:52:34,MT,Juína,exata
5106752,Pontes e Lacerda,MT,CENSO_ESCOLAR,51174820,INSTITUTO FEDERAL DE EDUCACAO E TECNOLOGIA DE MT - CAMPUS P E LACERDA; CAMPUS - PONTES LACERDA; IFMT - CAMPUS PONTES E LACERDA,2009.0,2019.0,2009,2019,2009,2019,,,,,,codigo_ibge
5106752,Pontes e Lacerda,MT,MEC_SISTEC,,,,,,,,,IFMT,Instituto Federal de Mato Grosso - Campus Pontes e Lacerda,13/05/2009 10:31:26,MT,Pontes e Lacerda,exata
5107602,Rondonópolis,MT,CENSO_ESCOLAR,51064740,IFMT - CAMPUS RONDONOPOLIS,2011.0,2019.0,2011,2019,2011,2019,,,,,,codigo_ibge
5107602,Rondonópolis,MT,MEC_SISTEC,,,,,,,,,IFMT,Instituto Federal de Mato Grosso - Campus Rondonópolis,06/04/2011 15:23:55,MT,Rondonópolis,exata
1500107,Abaetetuba,PA,CENSO_ESCOLAR,15587908,CENTRO FEDERAL DE EDUCAÇÃO TECNOLOGICA DO PARA - UNED ABAETETUBA; INSTITUTO FEDERAL DE EDUCACAO CIENCIA E TECNOLOGIA DO PARA - CAMPUS ABAETETUBA; IFPA - CAMPUS ABAETETUBA,2008.0,2019.0,2008,2019,2008,2019,,,,,,codigo_ibge
1500107,Abaetetuba,PA,MEC_SISTEC,,,,,,,,,IFPA,Instituto Federal dO PARÁ - Campus Abaetetuba,15/05/2009 10:21:43,PA,Abaetetuba,exata
1501709,Bragança,PA,CENSO_ESCOLAR,15118100,UNIDADE DE ENSINO DESCENTRALIZADO BRAGANCA; INSTITUTO FEDERAL DE EDUCACAO CIENCIA E TECNOLOGIA DO PARA - CAMPUS BRAGANCA; IFPA - CAMPUS BRAGANCA,2009.0,2019.0,2009,2019,2009,2019,,,,,,codigo_ibge
1501709,Bragança,PA,MEC_SISTEC,,,,,,,,,IFPA,Instituto Federal do Pará - Campus Bragança,15/05/2009 10:29:26,PA,Bragança,exata
1502707,Conceição do Araguaia,PA,CENSO_ESCOLAR,15121020,IFPA-CAMPUS DE CONCEICAO DO ARAGUAIA; INSTITUTO FEDERAL DE EDUCACAO CIENCIA E TECNOLOGIA DO PARA - CAMPUS CONCEICAO DO ARAGUAIA; IFPA - CAMPUS CONCEICAO DO ARAGUAIA,2009.0,2019.0,2009,2019,2009,2019,,,,,,codigo_ibge
1502707,Conceição do Araguaia,PA,MEC_SISTEC,,,,,,,,,IFPA,Instituto Federal do Pará - Campus Conceição do Araguaia,15/05/2009 10:07:04,PA,Conceição do Araguaia,exata
1503606,Itaituba,PA,CENSO_ESCOLAR,15157440,INSTITUTO FEDERAL DE EDUCACAO CIENCIA E TECNOLOGIA DO PARA - CAMPUS ITAITUBA; IFPA - CAMPUS ITAITUBA,2011.0,2019.0,2011,2019,2011,2019,,,,,,codigo_ibge
1503606,Itaituba,PA,MEC_SISTEC,,,,,,,,,IFPA,Instituto Federal do Pará - Campus Itaituba,29/01/2010 12:45:43,PA,Itaituba,exata
1506807,Santarém,PA,CENSO_ESCOLAR,15138984,I F E CIENCIA E TECNOLOGIA DO PARA - CAMPUS SANTAREM; INSTITUOT FEDERAL DE EDUCACAO CIENCIA E TECNOLOGIA DO PARA - CAMPUS SANTAREM; IFPA - CAMPUS SANTAREM,2010.0,2019.0,2010,2019,2010,2019,,,,,,codigo_ibge
1506807,Santarém,PA,MEC_SISTEC,,,,,,,,,null,INSTITUTO FEDERAL DE EDUCAÇÃO- CIÊNCIA E TECNOLOGIA DO PARA. ,18/07/2011 09:50:08,PA,Santarém,exata
1506807,Santarém,PA,MEC_SISTEC,,,,,,,,,IFPA,Instituto Federal do Pará - Campus Santarém,29/01/2010 12:39:00,PA,Santarém,exata
2503209,Cabedelo,PB,CENSO_ESCOLAR,25282921,INSTITUTO FEDERAL DE EDUCACAO CIENCIA E TECNOLOGIA DA PARAIBA - IFPB CAMPUS DE CABEDELO; INSTITUTO FEDERAL DA PARAIBA - CAMPUS DE CABEDELO; IFPB - CAMPUS CABEDELO,2010.0,2019.0,2010,2019,2010,2019,,,,,,codigo_ibge
2503209,Cabedelo,PB,CENSO_ESCOLAR,25128370,IFPB - CAMPUS AVANCADO CABEDELO CENTRO,2016.0,2019.0,2016,2019,2016,2019,,,,,,codigo_ibge
2503209,Cabedelo,PB,MEC_SISTEC,,,,,,,,,IFPB,INSTITUTO FEDERAL DA PARAÍBA CAMPUS AVANÇADO CABEDELO CENTRO,13/03/2014 17:24:48,PB,Cabedelo,exata
2503209,Cabedelo,PB,MEC_SISTEC,,,,,,,,,IFPB,Instituto Federal da Paraíba - Campus Cabedelo,19/05/2009 15:22:18,PB,Cabedelo,exata
2509701,Monteiro,PB,CENSO_ESCOLAR,25284940,INSTITUTO FEDERAL DE EDUCACAO CIENCIA E TECNOLOGIA DA PARAIBA - IFPB CAMPUS MONTEIRO; INSTITUTO FEDERAL DA PARAIBA - CAMPUS MONTEIRO; IFPB - CAMPUS MONTEIRO,2010.0,2019.0,2010,2019,2010,2019,,,,,,codigo_ibge
2509701,Monteiro,PB,MEC_SISTEC,,,,,,,,,IFPB,Instituto Federal da Paraíba - Campus Monteiro,20/05/2009 10:09:49,PB,Monteiro,exata
2510808,Patos,PB,CENSO_ESCOLAR,25281925,INSTITUTO FEDERAL DE EDUCACAO CIENCIA E TECNOLOGIA DA PARAIBA - CAMPUS PATOS; INSTITUTO FEDERAL DA PARAIBA - CAMPUS PATOS; IFPB - CAMPUS PATOS,2010.0,2019.0,2010,2019,2010,2019,,,,,,codigo_ibge
2510808,Patos,PB,MEC_SISTEC,,,,,,,,,IFPB,Instituto Federal da Paraíba - Campus Patos,20/05/2009 10:07:58,PB,Patos,exata
2511400,Picuí,PB,CENSO_ESCOLAR,25283928,INSTITUTO FEDERAL DE EDUCACAO CIENCIA E TECNOLOGIA - IFPB CAMPUS PICUI; INSTITUTO FEDERAL DA PARAIBA - CAMPUS PICUI; IFPB - CAMPUS PICUI,2010.0,2019.0,2010,2019,2010,2019,,,,,,codigo_ibge
2511400,Picuí,PB,MEC_SISTEC,,,,,,,,,IFPB,Instituto Federal da Paraíba - Campus Picuí,19/05/2009 16:10:22,PB,Picuí,exata
2512309,Princesa Isabel,PB,CENSO_ESCOLAR,25282930,INSTITUTO FEDERAL DE EDUCACAO CIENCIA E TECNOLOGIA - IFPB CAMPUS PRICESA ISABEL; INSTITUTO FEDERAL DA PARAIBA - CAMPUS PRINCESA ISABEL; IFPB - CAMPUS PRINCESA ISABEL,2010.0,2019.0,2010,2019,2010,2019,,,,,,codigo_ibge
2512309,Princesa Isabel,PB,MEC_SISTEC,,,,,,,,,IFPB,Instituto Federal da Paraíba - Campus Princesa Isabel,19/05/2009 15:58:13,PB,Princesa Isabel,exata
2600104,Afogados da Ingazeira,PE,CENSO_ESCOLAR,26138328,INSTITUTO FEDERAL DE EDUCACAO CIENCIA E TECNOLOGIA DE PERNAMBUCO; IFPE - CAMPUS AFOGADOS DA INGAZEIRA,2011.0,2019.0,2011,2019,2011,2019,,,,,,codigo_ibge
2600104,Afogados da Ingazeira,PE,MEC_SISTEC,,,,,,,,,IFPE,Instituto Federal de Pernambuco - Campus Afogados da Ingazeira,27/08/2010 13:08:52,PE,Afogados da Ingazeira,exata
2604106,Caruaru,PE,CENSO_ESCOLAR,26144417,INSTITUTO FEDERAL DE EDUCACAO CIENCIA E TECNOLOGIA DE PERNAMBUCO - CAMPUS CARUARU; IFPE - CAMPUS CARUARU,2011.0,2019.0,2011,2019,2011,2019,,,,,,codigo_ibge
2604106,Caruaru,PE,MEC_SISTEC,,,,,,,,,IFPE,Instituto Federal de Pernambuco - Campus Caruaru,27/08/2010 12:28:54,PE,Caruaru,exata
2606002,Garanhuns,PE,CENSO_ESCOLAR,26152886,INSTITUTO FEDERAL DE CIENCIA E TECNOLOGIA DE PERNAMBUCO - CAMPUS GARANHUNS; IFPE - CAMPUS GARANHUNS,2011.0,2019.0,2011,2019,2011,2019,,,,,,codigo_ibge
2606002,Garanhuns,PE,MEC_SISTEC,,,,,,,,,IFPE,Instituto Federal de Pernambuco - Campus Garanhuns,27/08/2010 12:52:06,PE,Garanhuns,exata
2609907,Ouricuri,PE,CENSO_ESCOLAR,26548739,CAMPUS OURICURI IF - SERTAO PERNAMBUCANO; CAMPUS OURICURI - IF SERTAO PE; IF SERTAO-PE - CAMPUS OURICURI,2011.0,2019.0,2011,2019,2011,2019,,,,,,codigo_ibge
2609907,Ouricuri,PE,MEC_SISTEC,,,,,,,,,IF SERTÃO-PE,Instituto Federal do Sertão Pernambucano - Campus Ouricuri,01/10/2010 17:09:24,PE,Ouricuri,exata
2612208,Salgueiro,PE,CENSO_ESCOLAR,26548747,CAMPUS SALGUEIRO - IF SERTAO -PE; IF SERTAO-PE - CAMPUS SALGUEIRO,2011.0,2019.0,2011,2019,2011,2019,,,,,,codigo_ibge
2612208,Salgueiro,PE,MEC_SISTEC,,,,,,,,,IF SERTÃO-PE,Instituto Federal do Sertão Pernambucano - Campus Salgueiro,01/10/2010 17:13:54,PE,Salgueiro,exata
2612208,Salgueiro,PE,MEC_SISTEC,,,,,,,,,null,INSTITUTO FEDERAL SERTÃO PERNAMBUCANO CAMPUS OURICURIC,28/09/2010 11:55:41,PE,Salgueiro,exata
2612208,Salgueiro,PE,MEC_SISTEC,,,,,,,,,null,INSTITUTO FEDERAL SERTÃO PERNAMBUCANO CAMPUS SALGUEIROS,28/09/2010 12:03:45,PE,Salgueiro,exata
2200608,Angical do Piauí,PI,CENSO_ESCOLAR,22129421,CAMPUS ANGICAL DO INSTITUTO FEDERAL DO PIAUI; IFPI - CAMPUS ANGICAL DO PIAUI; IFPI - CAMPUS ANGICAL,2010.0,2019.0,2010,2019,2011,2019,,,,,,codigo_ibge
2200608,Angical do Piauí,PI,MEC_SISTEC,,,,,,,,,IFPI,Instituto Federal do Piauí - Campus Angical do Piauí,09/12/2009 17:28:40,PI,Angical do Piauí,exata
2202901,Corrente,PI,CENSO_ESCOLAR,22129430,CAMPUS CORRENTE DO INSTITUTO FEDERAL DO PIAUI; INSTITUTO FEDERAL DO PIAUI CAMPUS CORRENTE; IFPI - CAMPUS CORRENTE,2010.0,2019.0,2010,2019,2011,2019,,,,,,codigo_ibge
2202901,Corrente,PI,MEC_SISTEC,,,,,,,,,IFPI,Instituto Federal do Piauí - Campus Corrente,09/12/2009 17:51:37,PI,Corrente,exata
2207801,Paulistana,PI,CENSO_ESCOLAR,22130748,CAMPUS PAULISTANA DO INSTITUTO FEDERAL DO PIAUI; IFPI - CAMPUS PAULISTANA,2011.0,2019.0,2011,2019,2011,2019,,,,,,codigo_ibge
2207801,Paulistana,PI,MEC_SISTEC,,,,,,,,,IFPI,Instituto Federal do Piauí - Campus Paulistana,11/12/2009 11:30:59,PI,Paulistana,exata
2208403,Piripiri,PI,CENSO_ESCOLAR,22129391,CAMPUS PIRIPIRI DO INSTITUTO FEDERAL DO PIAUI; IFPI - CAMPUS PIRIPIRI,2010.0,2019.0,2010,2019,2011,2019,,,,,,codigo_ibge
2208403,Piripiri,PI,MEC_SISTEC,,,,,,,,,IFPI,Instituto Federal do Piauí - Campus Piripiri,09/12/2009 17:39:44,PI,Piripiri,exata
2210607,São Raimundo Nonato,PI,CENSO_ESCOLAR,22129570,CAMPUS SAO RAIMUNDO NONATO DO INSTITUTO FEDERAL DO PIAUI; IFPI - CAMPUS SAO RAIMUNDO NONATO,2011.0,2019.0,2011,2019,2011,2019,,,,,,codigo_ibge
2210607,São Raimundo Nonato,PI,MEC_SISTEC,,,,,,,,,IFPI,Instituto Federal do Piauí - Campus São Raimundo Nonato,11/12/2009 11:25:53,PI,São Raimundo Nonato,exata
2211209,Uruçuí,PI,CENSO_ESCOLAR,22129413,CAMPUS URUCUI DO INSTITUTO FEDERAL DO PIAUI,2010.0,2012.0,2010,2010,,,,,,,,codigo_ibge
2211209,Uruçuí,PI,CENSO_ESCOLAR,22310827,INSTITUTO FEDERAL DO PIAUI - CAMPUS URUCUI; IFPI - CAMPUS URUCUI,2010.0,2019.0,2010,2019,2011,2019,,,,,,codigo_ibge
2211209,Uruçuí,PI,MEC_SISTEC,,,,,,,,,IFPI,Instituto Federal do Piauí - Campus Uruçuí,11/12/2009 11:20:10,PI,Uruçuí,exata
4108304,Foz do Iguaçu,PR,CENSO_ESCOLAR,41569954,INSTITUTO FEDERAL DO PARANA CAMPUS FOZ DO IGUACU; IFPR - CAMPUS FOZ DO IGUACU,2009.0,2019.0,2009,2019,2009,2019,,,,,,codigo_ibge
4108304,Foz do Iguaçu,PR,MEC_SISTEC,,,,,,,,,IFPR,Instituto Federal do Paraná - Campus Foz do Iguaçu,23/04/2009 15:58:35,PR,Foz do Iguaçu,exata
4111803,Jacarezinho,PR,CENSO_ESCOLAR,41147260,INSTITUTO FEDERAL DO PARANA - CAMPUS JACAREZINHO; IFPR - CAMPUS JACAREZINHO,2010.0,2019.0,2010,2019,2010,2019,,,,,,codigo_ibge
4111803,Jacarezinho,PR,MEC_SISTEC,,,,,,,,,IFPR,Instituto Federal do Paraná - Campus Jacarezinho,01/06/2010 16:40:35,PR,Jacarezinho,exata
4118204,Paranaguá,PR,CENSO_ESCOLAR,41570936,INSTITUTO FEDERAL DO PARANA CAMPUS PARANAGUA; IFPR - CAMPUS PARANAGUA,2009.0,2019.0,2009,2019,2009,2019,,,,,,codigo_ibge
4118204,Paranaguá,PR,MEC_SISTEC,,,,,,,,,IFPR,Instituto Federal do Paraná - Campus Paranaguá,23/04/2009 15:52:46,PR,Paranaguá,exata
4118402,Paranavaí,PR,CENSO_ESCOLAR,41147502,INSTITUTO FEDERAL DO PARANA; INSTITUTO FEDERAL DO PARANA CAMPUS PARANAVAI; IFPR - CAMPUS PARANAVAI; INSTITUTO FEDERAL DO PARANA - CAMPUS PARANAVAI,2011.0,2019.0,2011,2019,2011,2019,,,,,,codigo_ibge
4118402,Paranavaí,PR,MEC_SISTEC,,,,,,,,,IFPR,Instituto Federal do Paraná - Campus Paranavaí,09/06/2010 14:30:53,PR,Paranavaí,exata
4127106,Telêmaco Borba,PR,CENSO_ESCOLAR,41147383,INSTITUTO FEDERAL DO PARANA - CAMPUS TELEMACO BORBA; IFPR - CAMPUS TELEMACO BORBA,2010.0,2019.0,2010,2019,2010,2019,,,,,,codigo_ibge
4127106,Telêmaco Borba,PR,MEC_SISTEC,,,,,,,,,IFPR,Instituto Federal do Paraná - Campus Telêmaco Borba,01/06/2010 16:50:12,PR,Telêmaco Borba,exata
4128104,Umuarama,PR,CENSO_ESCOLAR,41147251,INSTITUTO FEDERAL DE EDUCACAO CIENCIAS E TECNOLOGIA DO PARANA - IFPR; INSTITUTO FEDERAL DE EDUCACAO CIENCIA E TECNOLOGIA DO PARANA - IFPR; INSTITUTO FEDERAL DO PARANA - CAMPUS UMUARAMA; IFPR - CAMPUS UMUARAMA,2010.0,2019.0,2010,2019,2010,2019,,,,,,codigo_ibge
4128104,Umuarama,PR,MEC_SISTEC,,,,,,,,,IFPR,Instituto Federal do Paraná - Campus Umuarama,01/06/2010 16:27:15,PR,Umuarama,exata
3300100,Angra dos Reis,RJ,CENSO_ESCOLAR,33036667,COLÉGIO NAVAL; COLEGIO NAVAL,2007.0,2019.0,2007,2019,,,,,,,,codigo_ibge
3300100,Angra dos Reis,RJ,CENSO_ESCOLAR,33167230,UNIDADE DE ENSINO DESCENTRALIZADA DE ANGRA DOS REIS; CEFET-RJ - UNED ANGRA DOS REIS,2013.0,2019.0,2013,2019,2013,2019,,,,,,codigo_ibge
3300100,Angra dos Reis,RJ,MEC_SISTEC,,,,,,,,,CEFET-RJ,Centro Federal de Educação Tecnológica Celso Suckow da Fonseca - Uned Angra dos Reis,08/06/2011 16:04:11,RJ,Angra dos Reis,exata
3300704,Cabo Frio,RJ,CENSO_ESCOLAR,33439745,INSTITUTO FEDERAL DE EDUCACAO CIENCIA E TECNOLOGIA FLUMINENSE CAMPUS CABO FRIO; INSTITUTO FEDERAL FLUMINENSE - CAMPUS CABO FRIO; IFF - CAMPUS CABO FRIO,2009.0,2019.0,2009,2019,2009,2019,,,,,,codigo_ibge
3300704,Cabo Frio,RJ,CENSO_ESCOLAR,33159173,ESCOLA UNIVERSITARIA - UNIVERSIDADE FEDERAL DO RIO DE JANEIRO,2011.0,2019.0,2011,2014,2011,2014,,,,,,codigo_ibge
3300704,Cabo Frio,RJ,MEC_SISTEC,,,,,,,,,IFF,Instituto Federal Fluminense - Campus Cabo Frio,17/04/2009 16:01:02,RJ,Cabo Frio,exata
3300704,Cabo Frio,RJ,MEC_SISTEC,,,,,,,,,null,INSTITUTO FEDERAL FLUMINENSE - CAMPUS CABO FRIO,07/06/2011 11:03:20,RJ,Cabo Frio,exata
3301702,Duque de Caxias,RJ,CENSO_ESCOLAR,33242216,UNIDADE ESCOLAR DESCENTRALIZADA DE DUQUE DE CAXIAS; COLEGIO PEDRO II - UNIDADE ESCOLAR DESCENTRALIZADA DUQUE DE CAXIAS; COLEGIO PEDRO II - CAMPUS DUQUE DE CAXIAS; CPII - CAMPUS DUQUE DE CAXIAS CP,2008.0,2019.0,2008,2019,2016,2019,,,,,,codigo_ibge
3301702,Duque de Caxias,RJ,CENSO_ESCOLAR,33439265,INSTITUTO FEDERAL DE EDUCACAO CIENCIA E TECNOLOGIA DO RIO DE JANEIRO CAMPUS DUQUE DE CAXIAS; IFRJ - CAMPUS DUQUE DE CAXIAS,2009.0,2019.0,2009,2019,2009,2019,,,,,,codigo_ibge
3301702,Duque de Caxias,RJ,MEC_SISTEC,,,,,,,,,CPII,Colégio Pedro II - Campus Duque de Caxias CP,15/07/2011 10:23:28,RJ,Duque de Caxias,exata
3301702,Duque de Caxias,RJ,MEC_SISTEC,,,,,,,,,null,INMETRO,16/05/2018 11:52:43,RJ,Duque de Caxias,exata
3301702,Duque de Caxias,RJ,MEC_SISTEC,,,,,,,,,IFRJ,Instituto Federal do Rio de Janeiro - Campus Duque de Caxias,27/03/2009 12:01:08,RJ,Duque de Caxias,exata
3302205,Itaperuna,RJ,CENSO_ESCOLAR,33439257,INSTITUTO FEDERAL DE EDUCACAO CIENCIA E TECNOLOGIA FLUMINENSE CAMPUS ITAPERUNA; INSTITUTO FEDERAL FLUMINENSE - CAMPUS ITAPERUNA; IFF - CAMPUS ITAPERUNA,2009.0,2019.0,2009,2019,2009,2019,,,,,,codigo_ibge
3302205,Itaperuna,RJ,MEC_SISTEC,,,,,,,,,IFF,Instituto Federal Fluminense - Campus Itaperuna,17/04/2009 15:58:27,RJ,Itaperuna,exata
3303401,Nova Friburgo,RJ,CENSO_ESCOLAR,33476217,CENTRO FEDERAL DE EDUCACAO TECNOLOGICA CELSO SUCKOW DA FONSECA UNIDADE DE NOVA FRIBURGO; CEFET-RJ - UNED NOVA FRIBURGO,2009.0,2019.0,2009,2019,2009,2019,,,,,,codigo_ibge
3303401,Nova Friburgo,RJ,MEC_SISTEC,,,,,,,,,CEFET-RJ,Centro Federal de Educação Tecnológica Celso Suckow da Fonseca - Uned Nova Friburgo,20/05/2009 10:06:36,RJ,Nova Friburgo,exata
3303906,Petrópolis,RJ,CENSO_ESCOLAR,33467285,CEFET-RJ UNIDADE DE ENSINO DESCENTRALIZADA DE PETROPOLIS; CEFET-RJ - UNED PETROPOLIS,2009.0,2019.0,2009,2019,2009,2019,,,,,,codigo_ibge
3303906,Petrópolis,RJ,MEC_SISTEC,,,,,,,,,CEFET-RJ,Centro Federal de Educação Tecnológica Celso Suckow da Fonseca - Uned Petrópolis,20/05/2009 10:04:21,RJ,Petrópolis,exata
3306305,Volta Redonda,RJ,CENSO_ESCOLAR,33444218,INSTITUTO FEDERAL DE EDUCACAO CIENCIA E TECNOLOGIA DO RIO DE JANEIRO CAMPUS VOLTA REDONDA; IFRJ - CAMPUS VOLTA REDONDA,2009.0,2019.0,2009,2019,2009,2019,,,,,,codigo_ibge
3306305,Volta Redonda,RJ,MEC_SISTEC,,,,,,,,,IFRJ,Instituto Federal do Rio de Janeiro - Campus Volta Redonda,15/05/2009 15:40:34,RJ,Volta Redonda,exata
2401008,Apodi,RN,CENSO_ESCOLAR,24327328,INST FEDERAL DE EDUC CIENCIA E TECNOLOGIA DO RN - IFRN - UNID APODI; INSTITUTO FEDERAL DE EDUCACAO CIENCIA E TECNOLOGIA DO RN - IFRN - CAMPUS APODI; IFRN - CAMPUS APODI,2010.0,2019.0,2010,2019,2010,2019,,,,,,codigo_ibge
2401008,Apodi,RN,CENSO_ESCOLAR,24086487,ESCOLA AGRICOLA DE JUNDIAI - APODI,2015.0,2018.0,2015,2017,2015,2017,,,,,,codigo_ibge
2401008,Apodi,RN,MEC_SISTEC,,,,,,,,,IFRN,Instituto Federal do Rio Grande do Norte - Campus Apodi,10/09/2009 10:06:23,RN,Apodi,exata
2402006,Caicó,RN,CENSO_ESCOLAR,24329312,INST FEDERAL DE EDUC CIENCIA E TECNOLOGIA DO RN - IFRN - CAMPUS CAICO; INSTITUTO FEDERAL DE EDUCACAO CIENCIA E TECNOLOGIA DO RN - IFRN - CAMPUS CAICO; IFRN - CAMPUS CAICO,2010.0,2019.0,2010,2019,2010,2019,,,,,,codigo_ibge
2402006,Caicó,RN,CENSO_ESCOLAR,24086509,ESCOLA AGRICOLA DE JUNDIAI - CAICO,2015.0,2018.0,2015,2017,2015,2017,,,,,,codigo_ibge
2402006,Caicó,RN,MEC_SISTEC,,,,,,,,,IFRN,Instituto Federal do Rio Grande do Norte - Campus Caicó,10/09/2009 19:12:07,RN,Caicó,exata
2405801,João Câmara,RN,CENSO_ESCOLAR,24329304,INST FEDERAL DE EDUC CIENCIA E TECNOLOGIA DO RN - IFRN - UNID JOAO CAMARA; INSTITUTO FEDERAL DE EDUCACAO CIENCIA E TECNOLOGIA DO RN - IFRN - CAMPUS JOAO CAMARA; IFRN - CAMPUS JOAO CAMARA,2010.0,2019.0,2010,2019,2010,2019,,,,,,codigo_ibge
2405801,João Câmara,RN,CENSO_ESCOLAR,24086045,ESCOLA AGRICOLA DE JUNDIAI - JOAO CAMARA,2014.0,2018.0,2014,2017,2014,2017,,,,,,codigo_ibge
2405801,João Câmara,RN,MEC_SISTEC,,,,,,,,,IFRN,Instituto Federal do Rio Grande do Norte - Campus João Câmara,10/09/2009 19:22:14,RN,João Câmara,exata
2407203,Macau,RN,CENSO_ESCOLAR,24327310,INST FEDERAL DE EDUC CIENCIA E TECNOLOGIA DO RN - IFRN - UNID MACAU; INSTITUTO FEDERAL DE EDUCACAO CIENCIA E TECNOLOGIA DO RN - IFRN - CAMPUS MACAU; IFRN - CAMPUS MACAU,2010.0,2019.0,2010,2019,2010,2019,,,,,,codigo_ibge
2407203,Macau,RN,MEC_SISTEC,,,,,,,,,IFRN,Instituto Federal do Rio Grande do Norte - Campus Macau,11/09/2009 12:26:01,RN,Macau,exata
2409407,Pau dos Ferros,RN,CENSO_ESCOLAR,24328308,INST FEDERAL DE EDUC CIENCIA E TECNOLOGIA DO RN - IFRN - UNID PAU DOS FERROS; INSTITUTO FEDERAL DE EDUCACAO CIENCIA E TECNOLOGIA DO RN - IFRN - CAMPUS PAU DOS FERROS; IFRN - CAMPUS PAU DOS FERROS,2010.0,2019.0,2010,2019,2010,2019,,,,,,codigo_ibge
2409407,Pau dos Ferros,RN,CENSO_ESCOLAR,24086053,ESCOLA AGRICOLA DE JUNDIAI - PAU DOS FERROS,2014.0,2017.0,2014,2015,2014,2015,,,,,,codigo_ibge
2409407,Pau dos Ferros,RN,MEC_SISTEC,,,,,,,,,IFRN,Instituto Federal do Rio Grande do Norte - Campus Pau dos Ferros,11/09/2009 12:34:25,RN,Pau dos Ferros,exata
2411205,Santa Cruz,RN,CENSO_ESCOLAR,24327301,INST FEDERAL DE EDUC CIENCIA E TECNOLOGIA DO RN - IFRN - UNID SANTA CRUZ; INSTITUTO FEDERAL DE EDUCACAO CIENCIA E TECNOLOGIA DO RN - IFRN - CAMPUS SANTA CRUZ; IFRN - CAMPUS SANTA CRUZ,2010.0,2019.0,2010,2019,2010,2019,,,,,,codigo_ibge
2411205,Santa Cruz,RN,CENSO_ESCOLAR,24086614,ESCOLA AGRICOLA DE JUNDIAI - SANTA CRUZ,2015.0,2018.0,2015,2017,2015,2017,,,,,,codigo_ibge
1100122,Ji-Paraná,RO,CENSO_ESCOLAR,11106808,INSTITUTO FEDERAL DE EDUCACAO CIENCIA E TECNOLOGIA DE RONDONIA CAMPUS JI-PARANA; IFRO - CAMPUS JI-PARANA,2009.0,2019.0,2009,2019,2009,2019,,,,,,codigo_ibge
1100122,Ji-Paraná,RO,MEC_SISTEC,,,,,,,,,IFRO,Instituto Federal de Rondônia - Campus Ji-Paraná,15/05/2009 10:21:21,RO,Ji-Paraná,exata
1100304,Vilhena,RO,CENSO_ESCOLAR,11107804,INSTITUTO FEDERAL DE EDUCACAO CIENCIA E TECNOLOGIA DE RONDONIA - CAMPUS VILHENA; IFRO - CAMPUS VILHENA,2011.0,2019.0,2011,2019,2011,2019,,,,,,codigo_ibge
1100304,Vilhena,RO,MEC_SISTEC,,,,,,,,,IFRO,Instituto Federal de Rondônia - Campus Vilhena,01/06/2010 16:57:46,RO,Vilhena,exata
1400027,Amajari,RR,CENSO_ESCOLAR,14006804,IFRR CAMPUS AMAJARI; INSTITUTO FEDERAL DE EDUCACAO CIENCIA E TECNOLOGIA DE RORAIMA - CAMPUS AMAJARI; IFRR - CAMPUS AMAJARI,2011.0,2019.0,2011,2019,2011,2019,,,,,,codigo_ibge
1400027,Amajari,RR,MEC_SISTEC,,,,,,,,,IFRR,Instituto Federal de Roraima - Campus Amajari,13/10/2010 15:07:29,RR,Amajari,exata
4301602,Bagé,RS,CENSO_ESCOLAR,43000207,IFSUL - CAMPUS BAGE,2011.0,2019.0,2011,2019,2011,2019,,,,,,codigo_ibge
4301602,Bagé,RS,MEC_SISTEC,,,,,,,,,IFSUL,Instituto Federal Sul-rio-grandense - Campus Bagé,16/06/2010 14:38:29,RS,Bagé,exata
4303509,Camaquã,RS,CENSO_ESCOLAR,43391079,INSTITUTO FEDERAL DE EDUCACAO CIENCIA E TECNOLOGIA SUL-RIO-GRANDENSE CAMPUS CAMAQUA; IFSUL - CAMPUS CAMAQUA,2011.0,2019.0,2011,2019,2011,2019,,,,,,codigo_ibge
4303509,Camaquã,RS,MEC_SISTEC,,,,,,,,,IFSUL,Instituto Federal Sul-rio-grandense - Campus Camaquã,16/06/2010 14:47:16,RS,Camaquã,exata
4305108,Caxias do Sul,RS,CENSO_ESCOLAR,43000231,IFRS CAMPUS CAXIAS DO SUL; IFRS - CAMPUS CAXIAS DO SUL,2011.0,2019.0,2011,2019,2011,2019,,,,,,codigo_ibge
4305108,Caxias do Sul,RS,MEC_SISTEC,,,,,,,,,IFRS,Instituto Federal do Rio Grande do Sul - Campus Caxias do Sul,09/06/2010 13:43:50,RS,Caxias do Sul,exata
4307005,Erechim,RS,CENSO_ESCOLAR,43361277,IFRS - CAMPUS ERECHIM,2010.0,2019.0,2010,2019,2010,2019,,,,,,codigo_ibge
4307005,Erechim,RS,MEC_SISTEC,,,,,,,,,IFRS,Instituto Federal do Rio Grande do Sul - Campus Erechim,26/04/2010 15:53:28,RS,Erechim,exata
4313508,Osório,RS,CENSO_ESCOLAR,43000215,IFRS - CAMPUS OSORIO,2011.0,2019.0,2011,2019,2011,2019,,,,,,codigo_ibge
4313508,Osório,RS,MEC_SISTEC,,,,,,,,,IFRS,Instituto Federal do Rio Grande do Sul - Campus Osório,16/08/2010 11:21:06,RS,Osório,exata
4313904,Panambi,RS,CENSO_ESCOLAR,43000428,INSTITUTO FEDERAL FARROUPILHA - CAMPUS PANAMBI; IF FARROUPILHA - CAMPUS PANAMBI,2011.0,2019.0,2011,2019,2011,2019,,,,,,codigo_ibge
4313904,Panambi,RS,MEC_SISTEC,,,,,,,,,IF FARROUPILHA,Instituto Federal Farroupilha - Campus Panambi,19/08/2010 14:20:27,RS,Panambi,exata
4314902,Porto Alegre,RS,CENSO_ESCOLAR,43104932,COLEGIO DE APLICACAO UFRGS,2007.0,2019.0,2007,2019,,,,,,,,codigo_ibge
4314902,Porto Alegre,RS,CENSO_ESCOLAR,43105009,COLEGIO MILITAR DE PORTO ALEGRE,2007.0,2019.0,2007,2019,,,,,,,,codigo_ibge
4314902,Porto Alegre,RS,CENSO_ESCOLAR,43105726,ESCOLA TECNICA DA UFRGS; INSTITUTO FEDERAL DE EDUCACAO CIENCIA E TECNOLOCIA DO RS - CAMPUS PORTO ALEGRE; IFRS - CAMPUS PORTO ALEGRE,2007.0,2019.0,2007,2019,2007,2019,,,,,,codigo_ibge
4314902,Porto Alegre,RS,CENSO_ESCOLAR,43191118,CRECHE FRANCESCA ZACARO FARACO,2007.0,2019.0,2007,2019,,,,,,,,codigo_ibge
4314902,Porto Alegre,RS,CENSO_ESCOLAR,43001190,INSTITUTO FEDERAL DE EDUCACAO CIENCIA E TECNOLOGIA DO RIO GRANDE DO SUL - CAMPUS RESTINGA; IFRS - CAMPUS PORTO ALEGRE RESTINGA,2011.0,2019.0,2011,2019,2011,2019,,,,,,codigo_ibge
4314902,Porto Alegre,RS,MEC_SISTEC,,,,,,,,,null,CENTRO DE EDUCAÇÃO TECNOLÓGICA E PESQUISA EM SAÚDE- CETPS-ESCOLA GHC,26/12/2017 11:47:37,RS,Porto Alegre,exata
4314902,Porto Alegre,RS,MEC_SISTEC,,,,,,,,,null,ESCOLA TÉCNICA DE ENFERMAGEM - ETE HCPA,31/03/2010 15:01:34,RS,Porto Alegre,exata
4314902,Porto Alegre,RS,MEC_SISTEC,,,,,,,,,null,INSTITUTO FEDERAL DE EDUCAÇÃO- CIÊNCIA E TECNOLOGIA DO RIO GRANDE DO SUL - CAMPUS PORTO ALEGRE,11/05/2009 18:43:08,RS,Porto Alegre,exata
4314902,Porto Alegre,RS,MEC_SISTEC,,,,,,,,,IFRS,Instituto Federal do Rio Grande do Sul - Campus Porto Alegre,05/03/2009 16:36:59,RS,Porto Alegre,exata
4314902,Porto Alegre,RS,MEC_SISTEC,,,,,,,,,IFRS,Instituto Federal do Rio Grande do Sul - Campus Porto Alegre Restinga,09/06/2010 13:54:34,RS,Porto Alegre,exata
4314902,Porto Alegre,RS,MEC_SISTEC,,,,,,,,,null,UNIVERSIDADE FEDERAL DO RIO GRANDE DO SUL,13/04/2016 16:12:06,RS,Porto Alegre,exata
4317202,Santa Rosa,RS,CENSO_ESCOLAR,43352065,INSTITUTO FEDERAL DE EDUCACAO CIENCIA E TECNOLOGIA FARROUPILHA - CAMPUS SANTA ROSA; IF FARROUPILHA - CAMPUS SANTA ROSA,2010.0,2019.0,2010,2019,2010,2019,,,,,,codigo_ibge
4317202,Santa Rosa,RS,MEC_SISTEC,,,,,,,,,null,ESCOLA ESTADUAL TÉCNICA FRONTEIRA NOROESTE,01/07/2009 15:27:39,RS,Santa Rosa,exata
4317202,Santa Rosa,RS,MEC_SISTEC,,,,,,,,,IF FARROUPILHA,Instituto Federal Farroupilha - Campus Santa Rosa,09/03/2010 08:55:14,RS,Santa Rosa,exata
4318002,São Borja,RS,CENSO_ESCOLAR,43362338,INSTITUTO FEDERAL FARROUPILHA - CAMPUS SAO BORJA; IF FARROUPILHA - CAMPUS SAO BORJA,2010.0,2019.0,2010,2019,2010,2019,,,,,,codigo_ibge
4318002,São Borja,RS,MEC_SISTEC,,,,,,,,,IF FARROUPILHA,Instituto Federal Farroupilha - Campus São Borja,09/03/2010 09:29:49,RS,São Borja,exata
4322608,Venâncio Aires,RS,CENSO_ESCOLAR,43391060,INSTITUTO FEDERAL SUL-RIOGRANDENSE CAMPUS VENANCIO AIRES; IFSUL - CAMPUS VENANCIO AIRES,2011.0,2019.0,2011,2019,2011,2019,,,,,,codigo_ibge
4322608,Venâncio Aires,RS,MEC_SISTEC,,,,,,,,,IFSUL,Instituto Federal Sul-rio-grandense - Campus Venâncio Aires,08/06/2011 08:50:49,RS,Venâncio Aires,exata
4203808,Canoinhas,SC,CENSO_ESCOLAR,42073545,INSTITUTO FEDERAL SANTA CATARINA - CANOINHAS; IFSC - CAMPUS CANOINHAS,2012.0,2019.0,2012,2019,2012,2019,,,,,,codigo_ibge
4203808,Canoinhas,SC,MEC_SISTEC,,,,,,,,,IFSC,Instituto Federal de Santa Catarina - Campus Canoinhas,04/11/2010 10:38:31,SC,Canoinhas,exata
4204608,Criciúma,SC,CENSO_ESCOLAR,42012872,IFSC CAMPUS CRICIUMA; IFSC - CAMPUS CRICIUMA,2011.0,2019.0,2011,2019,2011,2019,,,,,,codigo_ibge
4204608,Criciúma,SC,MEC_SISTEC,,,,,,,,,IFSC,Instituto Federal de Santa Catarina - Campus Criciúma,04/11/2010 11:08:29,SC,Criciúma,exata
4205902,Gaspar,SC,CENSO_ESCOLAR,42079950,INSTITUTO FEDERAL DE SANTA CATARINA - CAMPUS GASPAR; IFSC - CAMPUS GASPAR,2012.0,2019.0,2012,2019,2012,2019,,,,,,codigo_ibge
4205902,Gaspar,SC,MEC_SISTEC,,,,,,,,,IFSC,Instituto Federal de Santa Catarina - Campus Gaspar,04/11/2010 10:44:27,SC,Gaspar,exata
4208203,Itajaí,SC,CENSO_ESCOLAR,42073529,INSTITUTO FEDERAL DE SANTA CATARINA - CAMPUS ITAJAI; IFSC - CAMPUS ITAJAI,2012.0,2019.0,2012,2019,2012,2019,,,,,,codigo_ibge
4208203,Itajaí,SC,MEC_SISTEC,,,,,,,,,IFSC,Instituto Federal de Santa Catarina - Campus Itajaí,04/11/2010 10:30:20,SC,Itajaí,exata
4209300,Lages,SC,CENSO_ESCOLAR,42073510,INSTITUTO FEDERAL DE EDUCACAO CIENCIA E TECNOLOGIA DE SANTA CATARINA IF-SC - CAMPUS LAGES; IFSC - CAMPUS LAGES,2012.0,2019.0,2012,2019,2012,2019,,,,,,codigo_ibge
4209300,Lages,SC,MEC_SISTEC,,,,,,,,,IFSC,Instituto Federal de Santa Catarina - Campus Lages,04/11/2010 11:11:37,SC,Lages,exata
4217204,São Miguel do Oeste,SC,CENSO_ESCOLAR,42011256,IF - SC CAMPUS SAO MIGUEL DO OESTE; IF-SC CAMPUS - SMOESTE; IFSC - CAMPUS SAO MIGUEL DO OESTE,2011.0,2019.0,2011,2019,2011,2019,,,,,,codigo_ibge
4217204,São Miguel do Oeste,SC,MEC_SISTEC,,,,,,,,,IFSC,Instituto Federal de Santa Catarina - Campus São Miguel do Oeste,04/11/2010 10:50:07,SC,São Miguel do Oeste,exata
4219309,Videira,SC,CENSO_ESCOLAR,42331307,IFC CAMPUS VIDEIRA; IFC - CAMPUS VIDEIRA,2010.0,2019.0,2010,2019,2010,2019,,,,,,codigo_ibge
4219309,Videira,SC,MEC_SISTEC,,,,,,,,,IFC,Instituto Federal Catarinense - Campus Videira,28/04/2010 15:17:46,SC,Videira,exata
2802106,Estância,SE,CENSO_ESCOLAR,28033930,INSTITUTO FEDERAL DE EDUCACAO CIENCIA E TECNOLOGIA DE SERGIPE - CAMPUS ESTANCIA; IFS - CAMPUS ESTANCIA,2011.0,2019.0,2011,2019,2011,2019,,,,,,codigo_ibge
2802106,Estância,SE,MEC_SISTEC,,,,,,,,,IFS,Instituto Federal de Sergipe - Campus Estância,16/03/2011 15:21:45,SE,Estância,exata
2802908,Itabaiana,SE,CENSO_ESCOLAR,28034228,INSTITUTO FEDERAL DE SERGIPE - CAMPUS ITABAIANA; IFS - CAMPUS ITABAIANA,2012.0,2019.0,2012,2019,2012,2019,,,,,,codigo_ibge
2802908,Itabaiana,SE,MEC_SISTEC,,,,,,,,,IFS,Instituto Federal de Sergipe - Campus Itabaiana,16/03/2011 15:11:00,SE,Itabaiana,exata
2804508,Nossa Senhora da Glória,SE,CENSO_ESCOLAR,28034112,INSTITUTO FEDERAL DE SERGIPE - CAMPUS NOSSA SENHORA DA GLORIA; IFS - CAMPUS NOSSA SENHORA DA GLORIA,2011.0,2019.0,2011,2019,2011,2019,,,,,,codigo_ibge
2804508,Nossa Senhora da Glória,SE,MEC_SISTEC,,,,,,,,,null,CENTRO FEDERAL DE EDUCAÇÃO TECNOLOGICA DE SERGIPE,16/03/2011 11:10:16,SE,Nossa Senhora da Glória,exata
2804508,Nossa Senhora da Glória,SE,MEC_SISTEC,,,,,,,,,IFS,Instituto Federal de Sergipe - Campus Nossa Senhora da Glória,18/03/2011 14:41:09,SE,Nossa Senhora da Glória,exata
3503208,Araraquara,SP,CENSO_ESCOLAR,35456494,INSTITUTO FEDERAL DE EDUCACAO CIENCIA E TECNOLOGIA DE SAO PAULO CAMPUS ARARAQUARA; INSTITUTO FEDERAL DE SAO PAULO CAMPUS - ARARAQUARA; IFSP - CAMPUS ARARAQUARA,2011.0,2019.0,2011,2019,2011,2019,,,,,,codigo_ibge
3503208,Araraquara,SP,MEC_SISTEC,,,,,,,,,IFSP,Instituto Federal de São Paulo - Campus Araraquara,13/08/2010 11:05:46,SP,Araraquara,exata
3504503,Avaré,SP,CENSO_ESCOLAR,35456412,INSTITUTO FEDERAL DE SAO PAULO CAMPUS AVARE; INSTITUTO FEDERAL DE SAO PAULO CAMPUS - AVARE; IFSP - CAMPUS AVARE,2011.0,2019.0,2011,2019,2011,2019,,,,,,codigo_ibge
3504503,Avaré,SP,MEC_SISTEC,,,,,,,,,IFSP,Instituto Federal de São Paulo - Campus Avaré,31/05/2011 17:05:38,SP,Avaré,exata
3505500,Barretos,SP,CENSO_ESCOLAR,35456482,INSTITUTO FEDERAL DE EDUCACAO CIENCIA E TECNOLOGIA DE SAO PAULO - CAMPUS BARRETOS; INSTITUTO FEDERAL DE SAO PAULO CAMPUS - BARRETOS; IFSP - CAMPUS BARRETOS,2011.0,2019.0,2011,2019,2011,2019,,,,,,codigo_ibge
3505500,Barretos,SP,MEC_SISTEC,,,,,,,,,IFSP,Instituto Federal de São Paulo - Campus Barretos,13/08/2010 10:59:21,SP,Barretos,exata
3506508,Birigui,SP,CENSO_ESCOLAR,35456457,INSTITUTO FEDERAL DE EDUCACAO CIENCIA E TECNOLOGIA DE SAO PAULO CAMPUS BIRIGUI; INSTITUTO FEDERAL DE SAO PAULO CAMPUS - BIRIGUI; IFSP - CAMPUS BIRIGUI,2011.0,2019.0,2011,2019,2011,2019,,,,,,codigo_ibge
3506508,Birigui,SP,MEC_SISTEC,,,,,,,,,IFSP,Instituto Federal de São Paulo - Campus Birigui,13/08/2010 10:52:07,SP,Birigui,exata
3509502,Campinas,SP,CENSO_ESCOLAR,35924908,ESCOLA PREPARATORIA DE CADETES DO EXERCITO,2007.0,2019.0,2007,2011,,,,,,,,codigo_ibge
3509502,Campinas,SP,CENSO_ESCOLAR,35500012,IFSP - CAMPUS CAMPINAS,2016.0,2019.0,2016,2019,2016,2019,,,,,,codigo_ibge
3509502,Campinas,SP,CENSO_ESCOLAR,35011343,INSTITUTO FEDERAL DE EDUCACAO CIENCIA E TECNOLOGIA DE SAO PAULO - CAMPUS CAMPINAS,2018.0,2018.0,,,,,,,,,,codigo_ibge
3509502,Campinas,SP,CENSO_ESCOLAR,35584642,IFSP - CAMPUS CAMPINAS,2018.0,2018.0,,,,,,,,,,codigo_ibge
3509502,Campinas,SP,MEC_SISTEC,,,,,,,,,IFSP,INSTITUTO FEDERAL DE SÃO PAULO CAMPUS CAMPINAS,26/09/2013 18:36:26,SP,Campinas,exata
3511102,Catanduva,SP,CENSO_ESCOLAR,35456986,INSTITUTO FEDERAL DE EDUCACAO CIENCIA E TECNOLOGIA DE SAO PAULO CAMPUS CATANDUVA; INSTITUTO FEDERAL DE SAO PAULO CAMPUS - CATANDUVA; IFSP - CAMPUS CATANDUVA,2011.0,2019.0,2011,2019,2011,2019,,,,,,codigo_ibge
3511102,Catanduva,SP,MEC_SISTEC,,,,,,,,,IFSP,Instituto Federal de São Paulo - Campus Catanduva,13/08/2010 10:42:56,SP,Catanduva,exata
3522307,Itapetininga,SP,CENSO_ESCOLAR,35456433,INSTITUTO FEDERAL DE SAO PAULO CAMPUS - ITAPETININGA; IFSP - CAMPUS ITAPETININGA,2012.0,2019.0,2012,2019,2012,2019,,,,,,codigo_ibge
3522307,Itapetininga,SP,MEC_SISTEC,,,,,,,,,IFSP,Instituto Federal de São Paulo - Campus Itapetininga,12/08/2010 17:48:21,SP,Itapetininga,exata
3538709,Piracicaba,SP,CENSO_ESCOLAR,35456500,INSTITUTO FEDERAL DE SAO PAULO CAMPUS PIRACICABA; INSTITUTO FEDERAL DE SAO PAULO CAMPUS - PIRACICABA; IFSP - CAMPUS PIRACICABA,2011.0,2019.0,2011,2019,2011,2019,,,,,,codigo_ibge
3538709,Piracicaba,SP,MEC_SISTEC,,,,,,,,,IFSP,Instituto Federal de São Paulo - Campus Piracicaba,13/08/2010 11:14:24,SP,Piracicaba,exata
3541307,Presidente Epitácio,SP,CENSO_ESCOLAR,35456445,INSTITUTO FEDERAL DE SAO PAULO CAMPUS PRESIDENTE EPITACIO; INSTITUTO FEDERAL DE SAO PAULO CAMPUS - PRESIDENTE EPITACIO; IFSP - CAMPUS PRESIDENTE EPITACIO,2011.0,2019.0,2011,2019,2011,2019,,,,,,codigo_ibge
3541307,Presidente Epitácio,SP,MEC_SISTEC,,,,,,,,,IFSP,Instituto Federal de São Paulo - Campus Presidente Epitácio,03/12/2010 16:52:55,SP,Presidente Epitácio,exata
3542602,Registro,SP,CENSO_ESCOLAR,35494732,INSTITUTO FEDERAL DE SAO PAULO CAMPUS - REGISTRO; IFSP - CAMPUS REGISTRO,2013.0,2019.0,2013,2019,2013,2019,,,,,,codigo_ibge
3542602,Registro,SP,MEC_SISTEC,,,,,,,,,IFSP,Instituto Federal de São Paulo - Campus Registro,25/05/2012 12:45:21,SP,Registro,exata
3552502,Suzano,SP,CENSO_ESCOLAR,35456512,INSTITUTO FEDERAL DE SAO PAULO CAMPUS - SUZANO; IFSP - CAMPUS SUZANO,2012.0,2019.0,2012,2019,2012,2019,,,,,,codigo_ibge
3552502,Suzano,SP,MEC_SISTEC,,,,,,,,,IFSP,Instituto Federal de São Paulo - Campus Suzano,13/08/2010 11:18:51,SP,Suzano,exata
3557105,Votuporanga,SP,CENSO_ESCOLAR,35456408,INSTITUTO FEDERAL DE SAO PAULO CAMPUS VOTUPORANGA; INSTITUTO FEDERAL DE SAO PAULO CAMPUS - VOTUPORANGA; IFSP - CAMPUS VOTUPORANGA,2011.0,2019.0,2011,2019,2011,2019,,,,,,codigo_ibge
3557105,Votuporanga,SP,MEC_SISTEC,,,,,,,,,IFSP,Instituto Federal de São Paulo - Campus Votuporanga,13/08/2010 11:22:17,SP,Votuporanga,exata
1702109,Araguaína,TO,CENSO_ESCOLAR,17039673,INST FED DE EDUC CIENCIA E TECNOLOGIA DO TOCANTINS CAMPUS ARAGUAINA; IFTO - CAMPUS ARAGUAINA,2010.0,2019.0,2010,2019,2010,2019,,,,,,codigo_ibge
1702109,Araguaína,TO,MEC_SISTEC,,,,,,,,,IFTO,Instituto Federal do Tocantins - Campus Araguaína,14/06/2010 16:53:24,TO,Araguaína,exata
1709500,Gurupi,TO,CENSO_ESCOLAR,17047382,INSTITUTO FEDERAL DE EDUCACAO CIENCIA E TECNOLOGIA DO TOCANTINS CAMPUS GURUPI; IFTO - CAMPUS GURUPI,2011.0,2019.0,2011,2019,2011,2019,,,,,,codigo_ibge
1709500,Gurupi,TO,MEC_SISTEC,,,,,,,,,IFTO,Instituto Federal do Tocantins - Campus Gurupi,16/06/2010 09:39:52,TO,Gurupi,exata
1718204,Porto Nacional,TO,CENSO_ESCOLAR,17043980,INST FED DE EDUC CIENCIA E TECNOLOGIA DO TO CAMPUS PORTO NACIONAL; IFTO - CAMPUS PORTO NACIONAL,2011.0,2019.0,2011,2019,2011,2019,,,,,,codigo_ibge
1718204,Porto Nacional,TO,MEC_SISTEC,,,,,,,,,IFTO,Instituto Federal do Tocantins - Campus Porto Nacional,16/06/2010 09:03:04,TO,Porto Nacional,exata
