codigo_municipio_ibge,municipio,uf,fase_ii,ano_inicio_observado_censo,intermitencia_observada_no_painel,ano_evento_institucional,ano_transicao,primeiro_ano_completo,ano_coorte_candidata,origem_coorte,anos_sensibilidade,anos_excluir_estimacao,tratamento_absorvente,tratamento_preexistente_painel,ever_treated,pode_ser_controle,n_pre_limpo,n_pos_disponivel,elegivel_temporal_2pre_3pos,elegivel_temporal_3pre_3pos,candidato_amostra_principal,motivo_exclusao_principal,validacao_institucional_individual,revisao_prioritaria,nivel_evidencia,status_institucional,status_timing,status_populacao_causal,motivo_decisao,fonte_decisao
1200203,Cruzeiro do Sul,AC,True,2012,False,,,,2012.0,proxy_censo,,,True,False,True,False,5.0,7.0,True,True,True,,False,False,nenhuma,proxy_censo_sem_validacao_individual,proxy_primeiro_ept_federal_ativa,candidato_principal,"Primeiro ano de EPT federal ativa usado como proxy automática do Censo; sem validação institucional individual. Não confirma criação, autorização, inauguração ou início das aulas.",painel_censo_escolar
1200500,Sena Madureira,AC,True,2012,False,,,,2012.0,proxy_censo,,,True,False,True,False,5.0,7.0,True,True,True,,False,False,nenhuma,proxy_censo_sem_validacao_individual,proxy_primeiro_ept_federal_ativa,candidato_principal,"Primeiro ano de EPT federal ativa usado como proxy automática do Censo; sem validação institucional individual. Não confirma criação, autorização, inauguração ou início das aulas.",painel_censo_escolar
2700300,Arapiraca,AL,True,2011,False,,,,2011.0,proxy_censo,,,True,False,True,False,4.0,8.0,True,True,True,,False,False,nenhuma,proxy_censo_sem_validacao_individual,proxy_primeiro_ept_federal_ativa,candidato_principal,"Primeiro ano de EPT federal ativa usado como proxy automática do Censo; sem validação institucional individual. Não confirma criação, autorização, inauguração ou início das aulas.",painel_censo_escolar
2704500,Maragogi,AL,True,2011,False,,,,2011.0,proxy_censo,,,True,False,True,False,4.0,8.0,True,True,True,,False,False,nenhuma,proxy_censo_sem_validacao_individual,proxy_primeiro_ept_federal_ativa,candidato_principal,"Primeiro ano de EPT federal ativa usado como proxy automática do Censo; sem validação institucional individual. Não confirma criação, autorização, inauguração ou início das aulas.",painel_censo_escolar
2706703,Penedo,AL,True,2011,False,,,,2011.0,proxy_censo,,,True,False,True,False,4.0,8.0,True,True,True,,False,False,nenhuma,proxy_censo_sem_validacao_individual,proxy_primeiro_ept_federal_ativa,candidato_principal,"Primeiro ano de EPT federal ativa usado como proxy automática do Censo; sem validação institucional individual. Não confirma criação, autorização, inauguração ou início das aulas.",painel_censo_escolar
2707107,Piranhas,AL,True,2011,False,,,,2011.0,proxy_censo,,,True,False,True,False,4.0,8.0,True,True,True,,False,False,nenhuma,proxy_censo_sem_validacao_individual,proxy_primeiro_ept_federal_ativa,candidato_principal,"Primeiro ano de EPT federal ativa usado como proxy automática do Censo; sem validação institucional individual. Não confirma criação, autorização, inauguração ou início das aulas.",painel_censo_escolar
1302405,Lábrea,AM,True,2010,False,,,,2010.0,proxy_censo,,,True,False,True,False,3.0,9.0,True,True,True,,False,False,nenhuma,proxy_censo_sem_validacao_individual,proxy_primeiro_ept_federal_ativa,candidato_principal,"Primeiro ano de EPT federal ativa usado como proxy automática do Censo; sem validação institucional individual. Não confirma criação, autorização, inauguração ou início das aulas.",painel_censo_escolar
1302900,Maués,AM,True,2010,False,,,,2010.0,proxy_censo,,,True,False,True,False,3.0,9.0,True,True,True,,False,False,nenhuma,proxy_censo_sem_validacao_individual,proxy_primeiro_ept_federal_ativa,candidato_principal,"Primeiro ano de EPT federal ativa usado como proxy automática do Censo; sem validação institucional individual. Não confirma criação, autorização, inauguração ou início das aulas.",painel_censo_escolar
1303403,Parintins,AM,True,2010,False,,,,2010.0,proxy_censo,,,True,False,True,False,3.0,9.0,True,True,True,,False,False,nenhuma,proxy_censo_sem_validacao_individual,proxy_primeiro_ept_federal_ativa,candidato_principal,"Primeiro ano de EPT federal ativa usado como proxy automática do Censo; sem validação institucional individual. Não confirma criação, autorização, inauguração ou início das aulas.",painel_censo_escolar
1303536,Presidente Figueiredo,AM,True,2010,False,,,,2010.0,proxy_censo,,,True,False,True,False,3.0,9.0,True,True,True,,False,False,nenhuma,proxy_censo_sem_validacao_individual,proxy_primeiro_ept_federal_ativa,candidato_principal,"Primeiro ano de EPT federal ativa usado como proxy automática do Censo; sem validação institucional individual. Não confirma criação, autorização, inauguração ou início das aulas.",painel_censo_escolar
1304062,Tabatinga,AM,True,2010,False,,,,2010.0,proxy_censo,,,True,False,True,False,3.0,9.0,True,True,True,,False,False,nenhuma,proxy_censo_sem_validacao_individual,proxy_primeiro_ept_federal_ativa,candidato_principal,"Primeiro ano de EPT federal ativa usado como proxy automática do Censo; sem validação institucional individual. Não confirma criação, autorização, inauguração ou início das aulas.",painel_censo_escolar
1600279,Laranjal do Jari,AP,True,2011,False,,,,2011.0,proxy_censo,,,True,False,True,False,4.0,8.0,True,True,True,,False,False,nenhuma,proxy_censo_sem_validacao_individual,proxy_primeiro_ept_federal_ativa,candidato_principal,"Primeiro ano de EPT federal ativa usado como proxy automática do Censo; sem validação institucional individual. Não confirma criação, autorização, inauguração ou início das aulas.",painel_censo_escolar
2903904,Bom Jesus da Lapa,BA,True,2010,False,,,,2010.0,proxy_censo,,,True,False,True,False,3.0,9.0,True,True,True,,False,False,nenhuma,proxy_censo_sem_validacao_individual,proxy_primeiro_ept_federal_ativa,candidato_principal,"Primeiro ano de EPT federal ativa usado como proxy automática do Censo; sem validação institucional individual. Não confirma criação, autorização, inauguração ou início das aulas.",painel_censo_escolar
2910800,Feira de Santana,BA,True,2012,False,,,,2012.0,proxy_censo,,,True,False,True,False,5.0,7.0,True,True,True,,False,False,nenhuma,proxy_censo_sem_validacao_individual,proxy_primeiro_ept_federal_ativa,candidato_principal,"Primeiro ano de EPT federal ativa usado como proxy automática do Censo; sem validação institucional individual. Não confirma criação, autorização, inauguração ou início das aulas.",painel_censo_escolar
2913606,Ilhéus,BA,True,2012,False,,,,2012.0,proxy_censo,,,True,False,True,False,5.0,7.0,True,True,True,,False,False,nenhuma,proxy_censo_sem_validacao_individual,proxy_primeiro_ept_federal_ativa,candidato_principal,"Primeiro ano de EPT federal ativa usado como proxy automática do Censo; sem validação institucional individual. Não confirma criação, autorização, inauguração ou início das aulas.",painel_censo_escolar
2914604,Irecê,BA,True,2011,False,,,,2011.0,proxy_censo,,,True,False,True,False,4.0,8.0,True,True,True,,False,False,nenhuma,proxy_censo_sem_validacao_individual,proxy_primeiro_ept_federal_ativa,candidato_principal,"Primeiro ano de EPT federal ativa usado como proxy automática do Censo; sem validação institucional individual. Não confirma criação, autorização, inauguração ou início das aulas.",painel_censo_escolar
2917508,Jacobina,BA,True,2012,False,,,,2012.0,proxy_censo,,,True,False,True,False,5.0,7.0,True,True,True,,False,False,nenhuma,proxy_censo_sem_validacao_individual,proxy_primeiro_ept_federal_ativa,candidato_principal,"Primeiro ano de EPT federal ativa usado como proxy automática do Censo; sem validação institucional individual. Não confirma criação, autorização, inauguração ou início das aulas.",painel_censo_escolar
2918001,Jequié,BA,True,2012,True,,,,,nao_aplicavel,2012,,False,False,True,False,,,False,False,False,"status_populacao_causal=sob_revisao: A auditoria de timing (docs/methodology/AUDITORIA_TIMING_TRATAMENTO.md) identifica uma unica interrupcao interna na flag de EPT federal ativa para este municipio, no mesmo campus (nao ha troca de entidade); o primeiro ano persistente ate 2019 e 2018. A queda observada de EPT ativa nao comprova encerramento operacional do campus: pode refletir apenas uma pausa administrativa na oferta curricular especifica classificada pelo Censo como 'EPT', nao um fechamento fisico. Sem validacao institucional externa que confirme fechamento ou reabertura, o municipio fica sob revisao e fora da amostra principal. 2012 (primeiro ano de EPT ativa observado antes da lacuna) fica registrado apenas como sensibilidade futura de uma especificacao ingenua absorvente, documentada mas nao estimada agora.",False,True,auditoria_local_dados,mesmo_campus_com_lacuna_observacional_de_ept_ativa_nao_confirmada_como_fechamento,intermitente_observacional_sem_validacao_institucional,sob_revisao,"A auditoria de timing (docs/methodology/AUDITORIA_TIMING_TRATAMENTO.md) identifica uma unica interrupcao interna na flag de EPT federal ativa para este municipio, no mesmo campus (nao ha troca de entidade); o primeiro ano persistente ate 2019 e 2018. A queda observada de EPT ativa nao comprova encerramento operacional do campus: pode refletir apenas uma pausa administrativa na oferta curricular especifica classificada pelo Censo como 'EPT', nao um fechamento fisico. Sem validacao institucional externa que confirme fechamento ou reabertura, o municipio fica sob revisao e fora da amostra principal. 2012 (primeiro ano de EPT ativa observado antes da lacuna) fica registrado apenas como sensibilidade futura de uma especificacao ingenua absorvente, documentada mas nao estimada agora.",auditoria_local_intermitencia_jequie
2924009,Paulo Afonso,BA,True,2011,False,,,,2011.0,proxy_censo,,,True,False,True,False,4.0,8.0,True,True,True,,False,False,nenhuma,proxy_censo_sem_validacao_individual,proxy_primeiro_ept_federal_ativa,candidato_principal,"Primeiro ano de EPT federal ativa usado como proxy automática do Censo; sem validação institucional individual. Não confirma criação, autorização, inauguração ou início das aulas.",painel_censo_escolar
2929909,Seabra,BA,True,2012,False,,,,2012.0,proxy_censo,,,True,False,True,False,5.0,7.0,True,True,True,,False,False,nenhuma,proxy_censo_sem_validacao_individual,proxy_primeiro_ept_federal_ativa,candidato_principal,"Primeiro ano de EPT federal ativa usado como proxy automática do Censo; sem validação institucional individual. Não confirma criação, autorização, inauguração ou início das aulas.",painel_censo_escolar
2300200,Acaraú,CE,True,2011,False,,,,2011.0,proxy_censo,,,True,False,True,False,4.0,8.0,True,True,True,,False,False,nenhuma,proxy_censo_sem_validacao_individual,proxy_primeiro_ept_federal_ativa,candidato_principal,"Primeiro ano de EPT federal ativa usado como proxy automática do Censo; sem validação institucional individual. Não confirma criação, autorização, inauguração ou início das aulas.",painel_censo_escolar
2302800,Canindé,CE,True,2011,False,,,,2011.0,proxy_censo,,,True,False,True,False,4.0,8.0,True,True,True,,False,False,nenhuma,proxy_censo_sem_validacao_individual,proxy_primeiro_ept_federal_ativa,candidato_principal,"Primeiro ano de EPT federal ativa usado como proxy automática do Censo; sem validação institucional individual. Não confirma criação, autorização, inauguração ou início das aulas.",painel_censo_escolar
2304103,Crateús,CE,True,2011,False,,,,2011.0,proxy_censo,,,True,False,True,False,4.0,8.0,True,True,True,,False,False,nenhuma,proxy_censo_sem_validacao_individual,proxy_primeiro_ept_federal_ativa,candidato_principal,"Primeiro ano de EPT federal ativa usado como proxy automática do Censo; sem validação institucional individual. Não confirma criação, autorização, inauguração ou início das aulas.",painel_censo_escolar
2307601,Limoeiro do Norte,CE,True,2009,False,,,,2009.0,proxy_censo,,,True,False,True,False,2.0,10.0,True,False,True,,False,False,nenhuma,proxy_censo_sem_validacao_individual,proxy_primeiro_ept_federal_ativa,candidato_principal,"Primeiro ano de EPT federal ativa usado como proxy automática do Censo; sem validação institucional individual. Não confirma criação, autorização, inauguração ou início das aulas.",painel_censo_escolar
2311306,Quixadá,CE,True,2011,False,,,,2011.0,proxy_censo,,,True,False,True,False,4.0,8.0,True,True,True,,False,False,nenhuma,proxy_censo_sem_validacao_individual,proxy_primeiro_ept_federal_ativa,candidato_principal,"Primeiro ano de EPT federal ativa usado como proxy automática do Censo; sem validação institucional individual. Não confirma criação, autorização, inauguração ou início das aulas.",painel_censo_escolar
2312908,Sobral,CE,True,2011,False,2009.0,2009.0,2010.0,2010.0,institucional_validada,2008,2009,True,False,True,False,2.0,9.0,True,False,False,"status_populacao_causal=candidato_com_ressalva: A UnED Sobral do entao CEFET-CE foi criada pela Portaria MEC no 689, de 09/06/2008 (criacao administrativa, registrada como fato antecedente, nao como transicao operacional); a Lei 11.892, de 29/12/2008, transforma a unidade em Campus Sobral do IFCE; a inauguracao oficial ocorreu em 10/09/2009, tornando 2009 ano parcial. 2010 e o primeiro ano civil inteiramente exposto apos a inauguracao. Esses tres fatos (criacao administrativa 2008, transformacao legal dez/2008, inauguracao set/2009) sao complementares, nao contraditorios entre si; a aparente contradicao apontada em revisoes anteriores decorria da ausencia de fontes que distinguissem os tres eventos. Nenhuma das datas foi lida diretamente em Diario Oficial nesta revisao (vieram de resumo de busca sobre Wikipedia/IFCE); por isso o caso permanece com ressalva e em revisao prioritaria, nao classificado como candidato_principal.",True,True,indicio_secundario,criacao_administrativa_2008_e_inauguracao_oficial_2009_sao_fatos_distintos_nao_contraditorios,ano_parcial_documentado_com_revisao,candidato_com_ressalva,"A UnED Sobral do entao CEFET-CE foi criada pela Portaria MEC no 689, de 09/06/2008 (criacao administrativa, registrada como fato antecedente, nao como transicao operacional); a Lei 11.892, de 29/12/2008, transforma a unidade em Campus Sobral do IFCE; a inauguracao oficial ocorreu em 10/09/2009, tornando 2009 ano parcial. 2010 e o primeiro ano civil inteiramente exposto apos a inauguracao. Esses tres fatos (criacao administrativa 2008, transformacao legal dez/2008, inauguracao set/2009) sao complementares, nao contraditorios entre si; a aparente contradicao apontada em revisoes anteriores decorria da ausencia de fontes que distinguissem os tres eventos. Nenhuma das datas foi lida diretamente em Diario Oficial nesta revisao (vieram de resumo de busca sobre Wikipedia/IFCE); por isso o caso permanece com ressalva e em revisao prioritaria, nao classificado como candidato_principal.",revisao_institucional_sobral_ifce
5300108,Brasília,DF,True,2008,False,,,,,nao_aplicavel,,,False,False,True,False,,,False,False,False,"status_populacao_causal=excluido_principal: Planaltina e preexistente (absorvida pelo IFB em 29/12/2008); Brasilia/Gama/Samambaia/Taguatinga foram autorizados pela Portaria MEC 1.170/2010; Riacho Fundo/Taguatinga Centro/Sao Sebastiao pertencem a uma '3a etapa de expansao' rotulada pelo proprio IFB, distinta da Fase II; Ceilandia, Estrutural e Recanto das Emas chegam ainda depois (ate 2018). Nenhum ano unico municipal representa esse conjunto sem misturar fases administrativas diferentes. Exclusao nao significa ausencia de tratamento: o municipio pertence institucionalmente a Fase II e nunca pode servir de controle.",True,True,fonte_primaria_legislativa,multiplas_unidades_e_ondas_sob_um_codigo_ibge,nao_definivel_no_nivel_municipal,excluido_principal,"Planaltina e preexistente (absorvida pelo IFB em 29/12/2008); Brasilia/Gama/Samambaia/Taguatinga foram autorizados pela Portaria MEC 1.170/2010; Riacho Fundo/Taguatinga Centro/Sao Sebastiao pertencem a uma '3a etapa de expansao' rotulada pelo proprio IFB, distinta da Fase II; Ceilandia, Estrutural e Recanto das Emas chegam ainda depois (ate 2018). Nenhum ano unico municipal representa esse conjunto sem misturar fases administrativas diferentes. Exclusao nao significa ausencia de tratamento: o municipio pertence institucionalmente a Fase II e nunca pode servir de controle.",revisao_institucional_brasilia_multiplas_ondas
3200607,Aracruz,ES,True,2009,False,,,,2009.0,proxy_censo,,,True,False,True,False,2.0,10.0,True,False,True,,False,False,nenhuma,proxy_censo_sem_validacao_individual,proxy_primeiro_ept_federal_ativa,candidato_principal,"Primeiro ano de EPT federal ativa usado como proxy automática do Censo; sem validação institucional individual. Não confirma criação, autorização, inauguração ou início das aulas.",painel_censo_escolar
3202454,Ibatiba,ES,True,2011,False,,,,2011.0,proxy_censo,,,True,False,True,False,4.0,8.0,True,True,True,,False,False,nenhuma,proxy_censo_sem_validacao_individual,proxy_primeiro_ept_federal_ativa,candidato_principal,"Primeiro ano de EPT federal ativa usado como proxy automática do Censo; sem validação institucional individual. Não confirma criação, autorização, inauguração ou início das aulas.",painel_censo_escolar
3203205,Linhares,ES,True,2009,False,,,,2009.0,proxy_censo,,,True,False,True,False,2.0,10.0,True,False,True,,False,False,nenhuma,proxy_censo_sem_validacao_individual,proxy_primeiro_ept_federal_ativa,candidato_principal,"Primeiro ano de EPT federal ativa usado como proxy automática do Censo; sem validação institucional individual. Não confirma criação, autorização, inauguração ou início das aulas.",painel_censo_escolar
3203908,Nova Venécia,ES,True,2009,False,,,,2009.0,proxy_censo,,,True,False,True,False,2.0,10.0,True,False,True,,False,False,nenhuma,proxy_censo_sem_validacao_individual,proxy_primeiro_ept_federal_ativa,candidato_principal,"Primeiro ano de EPT federal ativa usado como proxy automática do Censo; sem validação institucional individual. Não confirma criação, autorização, inauguração ou início das aulas.",painel_censo_escolar
3205200,Vila Velha,ES,True,2011,False,,,,2011.0,proxy_censo,,,True,False,True,False,4.0,8.0,True,True,True,,False,False,nenhuma,proxy_censo_sem_validacao_individual,proxy_primeiro_ept_federal_ativa,candidato_principal,"Primeiro ano de EPT federal ativa usado como proxy automática do Censo; sem validação institucional individual. Não confirma criação, autorização, inauguração ou início das aulas.",painel_censo_escolar
5201108,Anápolis,GO,True,2011,False,,,,2011.0,proxy_censo,,,True,False,True,False,4.0,8.0,True,True,True,,False,False,nenhuma,proxy_censo_sem_validacao_individual,proxy_primeiro_ept_federal_ativa,candidato_principal,"Primeiro ano de EPT federal ativa usado como proxy automática do Censo; sem validação institucional individual. Não confirma criação, autorização, inauguração ou início das aulas.",painel_censo_escolar
5208004,Formosa,GO,True,2011,False,,,,2011.0,proxy_censo,,,True,False,True,False,4.0,8.0,True,True,True,,False,False,nenhuma,proxy_censo_sem_validacao_individual,proxy_primeiro_ept_federal_ativa,candidato_principal,"Primeiro ano de EPT federal ativa usado como proxy automática do Censo; sem validação institucional individual. Não confirma criação, autorização, inauguração ou início das aulas.",painel_censo_escolar
5210208,Iporá,GO,True,2011,False,,,,2011.0,proxy_censo,,,True,False,True,False,4.0,8.0,True,True,True,,False,False,nenhuma,proxy_censo_sem_validacao_individual,proxy_primeiro_ept_federal_ativa,candidato_principal,"Primeiro ano de EPT federal ativa usado como proxy automática do Censo; sem validação institucional individual. Não confirma criação, autorização, inauguração ou início das aulas.",painel_censo_escolar
5211503,Itumbiara,GO,True,2009,False,,,,2009.0,proxy_censo,,,True,False,True,False,2.0,10.0,True,False,True,,False,False,nenhuma,proxy_censo_sem_validacao_individual,proxy_primeiro_ept_federal_ativa,candidato_principal,"Primeiro ano de EPT federal ativa usado como proxy automática do Censo; sem validação institucional individual. Não confirma criação, autorização, inauguração ou início das aulas.",painel_censo_escolar
5212501,Luziânia,GO,True,2011,False,,,,2011.0,proxy_censo,,,True,False,True,False,4.0,8.0,True,True,True,,False,False,nenhuma,proxy_censo_sem_validacao_individual,proxy_primeiro_ept_federal_ativa,candidato_principal,"Primeiro ano de EPT federal ativa usado como proxy automática do Censo; sem validação institucional individual. Não confirma criação, autorização, inauguração ou início das aulas.",painel_censo_escolar
5221601,Uruaçu,GO,True,2009,False,,,,2009.0,proxy_censo,,,True,False,True,False,2.0,10.0,True,False,True,,False,False,nenhuma,proxy_censo_sem_validacao_individual,proxy_primeiro_ept_federal_ativa,candidato_principal,"Primeiro ano de EPT federal ativa usado como proxy automática do Censo; sem validação institucional individual. Não confirma criação, autorização, inauguração ou início das aulas.",painel_censo_escolar
2100204,Alcântara,MA,True,2008,False,2008.0,2008.0,2009.0,2009.0,institucional_validada,2010,2008,True,False,True,False,1.0,10.0,False,False,False,"status_populacao_causal=candidato_com_ressalva: Nucleo Avancado de Alcantara criado pela Resolucao CONDIR/CEFET-MA no 38/2007 (10/09/2007); primeiro semestre letivo comecou em 12/08/2008 com 115 alunos, tornando 2008 ano parcial. A propria pagina oficial do IFMA afirma que a autorizacao de funcionamento (janeiro de 2010) consolidou a unidade como parte da Fase II do Plano de Expansao. 2009 e o primeiro ano civil inteiramente exposto e usado como coorte candidata; 2010 (ano em que a unidade recebeu status pleno de Campus) fica registrado como sensibilidade. A Chamada Publica especifica de 2007 e o texto exato da autorizacao de funcionamento de 2010 nao foram lidos em fonte primaria (Diario Oficial) nesta revisao — por isso o caso permanece com ressalva e em revisao prioritaria.",True,True,fonte_institucional_oficial,evento_documentado_por_fonte_institucional_direta,ano_parcial_documentado,candidato_com_ressalva,"Nucleo Avancado de Alcantara criado pela Resolucao CONDIR/CEFET-MA no 38/2007 (10/09/2007); primeiro semestre letivo comecou em 12/08/2008 com 115 alunos, tornando 2008 ano parcial. A propria pagina oficial do IFMA afirma que a autorizacao de funcionamento (janeiro de 2010) consolidou a unidade como parte da Fase II do Plano de Expansao. 2009 e o primeiro ano civil inteiramente exposto e usado como coorte candidata; 2010 (ano em que a unidade recebeu status pleno de Campus) fica registrado como sensibilidade. A Chamada Publica especifica de 2007 e o texto exato da autorizacao de funcionamento de 2010 nao foram lidos em fonte primaria (Diario Oficial) nesta revisao — por isso o caso permanece com ressalva e em revisao prioritaria.",revisao_institucional_alcantara_ifma
2101202,Bacabal,MA,True,2011,False,,,,2011.0,proxy_censo,,,True,False,True,False,4.0,8.0,True,True,True,,False,False,nenhuma,proxy_censo_sem_validacao_individual,proxy_primeiro_ept_federal_ativa,candidato_principal,"Primeiro ano de EPT federal ativa usado como proxy automática do Censo; sem validação institucional individual. Não confirma criação, autorização, inauguração ou início das aulas.",painel_censo_escolar
2101608,Barra do Corda,MA,True,2011,False,,,,2011.0,proxy_censo,,,True,False,True,False,4.0,8.0,True,True,True,,False,False,nenhuma,proxy_censo_sem_validacao_individual,proxy_primeiro_ept_federal_ativa,candidato_principal,"Primeiro ano de EPT federal ativa usado como proxy automática do Censo; sem validação institucional individual. Não confirma criação, autorização, inauguração ou início das aulas.",painel_censo_escolar
2101707,Barreirinhas,MA,True,2011,False,,,,2011.0,proxy_censo,,,True,False,True,False,4.0,8.0,True,True,True,,False,False,nenhuma,proxy_censo_sem_validacao_individual,proxy_primeiro_ept_federal_ativa,candidato_principal,"Primeiro ano de EPT federal ativa usado como proxy automática do Censo; sem validação institucional individual. Não confirma criação, autorização, inauguração ou início das aulas.",painel_censo_escolar
2103000,Caxias,MA,True,2011,False,,,,2011.0,proxy_censo,,,True,False,True,False,4.0,8.0,True,True,True,,False,False,nenhuma,proxy_censo_sem_validacao_individual,proxy_primeiro_ept_federal_ativa,candidato_principal,"Primeiro ano de EPT federal ativa usado como proxy automática do Censo; sem validação institucional individual. Não confirma criação, autorização, inauguração ou início das aulas.",painel_censo_escolar
2108603,Pinheiro,MA,True,2011,False,,,,2011.0,proxy_censo,,,True,False,True,False,4.0,8.0,True,True,True,,False,False,nenhuma,proxy_censo_sem_validacao_individual,proxy_primeiro_ept_federal_ativa,candidato_principal,"Primeiro ano de EPT federal ativa usado como proxy automática do Censo; sem validação institucional individual. Não confirma criação, autorização, inauguração ou início das aulas.",painel_censo_escolar
2111102,São João dos Patos,MA,True,2011,False,,,,2011.0,proxy_censo,,,True,False,True,False,4.0,8.0,True,True,True,,False,False,nenhuma,proxy_censo_sem_validacao_individual,proxy_primeiro_ept_federal_ativa,candidato_principal,"Primeiro ano de EPT federal ativa usado como proxy automática do Censo; sem validação institucional individual. Não confirma criação, autorização, inauguração ou início das aulas.",painel_censo_escolar
2112209,Timon,MA,True,2011,False,,,,2011.0,proxy_censo,,,True,False,True,False,4.0,8.0,True,True,True,,False,False,nenhuma,proxy_censo_sem_validacao_individual,proxy_primeiro_ept_federal_ativa,candidato_principal,"Primeiro ano de EPT federal ativa usado como proxy automática do Censo; sem validação institucional individual. Não confirma criação, autorização, inauguração ou início das aulas.",painel_censo_escolar
3101706,Almenara,MG,True,2011,False,,,,2011.0,proxy_censo,,,True,False,True,False,4.0,8.0,True,True,True,,False,False,nenhuma,proxy_censo_sem_validacao_individual,proxy_primeiro_ept_federal_ativa,candidato_principal,"Primeiro ano de EPT federal ativa usado como proxy automática do Censo; sem validação institucional individual. Não confirma criação, autorização, inauguração ou início das aulas.",painel_censo_escolar
3103405,Araçuaí,MG,True,2010,False,,,,2010.0,proxy_censo,,,True,False,True,False,3.0,9.0,True,True,True,,False,False,nenhuma,proxy_censo_sem_validacao_individual,proxy_primeiro_ept_federal_ativa,candidato_principal,"Primeiro ano de EPT federal ativa usado como proxy automática do Censo; sem validação institucional individual. Não confirma criação, autorização, inauguração ou início das aulas.",painel_censo_escolar
3104502,Arinos,MG,True,2009,False,,,,2009.0,proxy_censo,,,True,False,True,False,2.0,10.0,True,False,True,,False,False,nenhuma,proxy_censo_sem_validacao_individual,proxy_primeiro_ept_federal_ativa,candidato_principal,"Primeiro ano de EPT federal ativa usado como proxy automática do Censo; sem validação institucional individual. Não confirma criação, autorização, inauguração ou início das aulas.",painel_censo_escolar
3118601,Contagem,MG,True,2013,False,2012.0,2012.0,,,nao_aplicavel,2013,2012,False,False,True,False,,,False,False,False,"status_populacao_causal=sob_revisao: CEFET-MG Campus/UNED Contagem operou em espaco provisorio cedido pela FIEMG a partir do 1o semestre de 2012; a entidade so aparece no Censo Escolar a partir de 2013, defasagem tipica entre inicio real e primeira observacao administrativa. Nao ha confirmacao de que 2013 (nem qualquer outro ano da fase provisoria) tenha sido um ano civil plenamente estabilizado: a sede propria so foi inaugurada em 19/12/2019, apos operar cerca de um ano e meio no local antes da inauguracao oficial. Por isso primeiro_ano_completo e ano_coorte_candidata permanecem nulos; 2013 fica registrado apenas como fato observado/sensibilidade, nunca como coorte principal.",True,True,fonte_institucional_oficial,operacao_provisoria_documentada_sem_ano_completo_confirmado,incerteza_institucional,sob_revisao,"CEFET-MG Campus/UNED Contagem operou em espaco provisorio cedido pela FIEMG a partir do 1o semestre de 2012; a entidade so aparece no Censo Escolar a partir de 2013, defasagem tipica entre inicio real e primeira observacao administrativa. Nao ha confirmacao de que 2013 (nem qualquer outro ano da fase provisoria) tenha sido um ano civil plenamente estabilizado: a sede propria so foi inaugurada em 19/12/2019, apos operar cerca de um ano e meio no local antes da inauguracao oficial. Por isso primeiro_ano_completo e ano_coorte_candidata permanecem nulos; 2013 fica registrado apenas como fato observado/sensibilidade, nunca como coorte principal.",revisao_institucional_contagem_cefetmg
3120904,Curvelo,MG,True,2010,False,,,,2010.0,proxy_censo,,,True,False,True,False,3.0,9.0,True,True,True,,False,False,nenhuma,proxy_censo_sem_validacao_individual,proxy_primeiro_ept_federal_ativa,candidato_principal,"Primeiro ano de EPT federal ativa usado como proxy automática do Censo; sem validação institucional individual. Não confirma criação, autorização, inauguração ou início das aulas.",painel_censo_escolar
3126109,Formiga,MG,True,2009,False,,,,2009.0,proxy_censo,,,True,False,True,False,2.0,10.0,True,False,True,,False,False,nenhuma,proxy_censo_sem_validacao_individual,proxy_primeiro_ept_federal_ativa,candidato_principal,"Primeiro ano de EPT federal ativa usado como proxy automática do Censo; sem validação institucional individual. Não confirma criação, autorização, inauguração ou início das aulas.",painel_censo_escolar
3127701,Governador Valadares,MG,True,2010,False,,,,2010.0,proxy_censo,,,True,False,True,False,3.0,9.0,True,True,True,,False,False,nenhuma,proxy_censo_sem_validacao_individual,proxy_primeiro_ept_federal_ativa,candidato_principal,"Primeiro ano de EPT federal ativa usado como proxy automática do Censo; sem validação institucional individual. Não confirma criação, autorização, inauguração ou início das aulas.",painel_censo_escolar
3134202,Ituiutaba,MG,True,2009,False,,,,2009.0,proxy_censo,,,True,False,True,False,2.0,10.0,True,False,True,,False,False,nenhuma,proxy_censo_sem_validacao_individual,proxy_primeiro_ept_federal_ativa,candidato_principal,"Primeiro ano de EPT federal ativa usado como proxy automática do Censo; sem validação institucional individual. Não confirma criação, autorização, inauguração ou início das aulas.",painel_censo_escolar
3143302,Montes Claros,MG,True,2007,True,,,,2011.0,institucional_validada,2012,,True,False,True,False,4.0,8.0,True,True,False,"status_populacao_causal=candidato_com_ressalva: O sinal de EPT ativa em 2007-2008 vem do Colegio Agricola Antonio Versiani Athayde (criado em 1964, vinculado a UFMG desde 1968), entidade distinta e sem relacao de sucessao com o Campus Montes Claros do IFNMG. O IFNMG e o campus da Fase II; seu primeiro ano persistente no Censo (2011) e usado como coorte candidata. Fontes secundarias, nao confirmadas em Diario Oficial nesta revisao, indicam inicio de atividades ja em 2010 e consolidacao de sede propria em 2011-2012; por isso 2012 fica registrado como sensibilidade, nao como coorte principal. A intermitencia agregada observada no nivel municipal (EPT ativa em 2007-2008 pelo Athayde, retomada em 2011 pelo IFNMG) nao deve ser lida como reversao operacional do campus do IFNMG: sao entidades diferentes, nao o mesmo campus fechando e reabrindo.",True,True,indicio_secundario,duas_entidades_distintas_no_mesmo_municipio,identidade_forte_timing_incerto,candidato_com_ressalva,"O sinal de EPT ativa em 2007-2008 vem do Colegio Agricola Antonio Versiani Athayde (criado em 1964, vinculado a UFMG desde 1968), entidade distinta e sem relacao de sucessao com o Campus Montes Claros do IFNMG. O IFNMG e o campus da Fase II; seu primeiro ano persistente no Censo (2011) e usado como coorte candidata. Fontes secundarias, nao confirmadas em Diario Oficial nesta revisao, indicam inicio de atividades ja em 2010 e consolidacao de sede propria em 2011-2012; por isso 2012 fica registrado como sensibilidade, nao como coorte principal. A intermitencia agregada observada no nivel municipal (EPT ativa em 2007-2008 pelo Athayde, retomada em 2011 pelo IFNMG) nao deve ser lida como reversao operacional do campus do IFNMG: sao entidades diferentes, nao o mesmo campus fechando e reabrindo.",revisao_institucional_montes_claros_ifnmg
3143906,Muriaé,MG,True,2010,False,,,,2010.0,proxy_censo,,,True,False,True,False,3.0,9.0,True,True,True,,False,False,nenhuma,proxy_censo_sem_validacao_individual,proxy_primeiro_ept_federal_ativa,candidato_principal,"Primeiro ano de EPT federal ativa usado como proxy automática do Censo; sem validação institucional individual. Não confirma criação, autorização, inauguração ou início das aulas.",painel_censo_escolar
3147006,Paracatu,MG,True,2009,False,,,,2009.0,proxy_censo,,,True,False,True,False,2.0,10.0,True,False,True,,False,False,nenhuma,proxy_censo_sem_validacao_individual,proxy_primeiro_ept_federal_ativa,candidato_principal,"Primeiro ano de EPT federal ativa usado como proxy automática do Censo; sem validação institucional individual. Não confirma criação, autorização, inauguração ou início das aulas.",painel_censo_escolar
3151206,Pirapora,MG,True,2011,False,,,,2011.0,proxy_censo,,,True,False,True,False,4.0,8.0,True,True,True,,False,False,nenhuma,proxy_censo_sem_validacao_individual,proxy_primeiro_ept_federal_ativa,candidato_principal,"Primeiro ano de EPT federal ativa usado como proxy automática do Censo; sem validação institucional individual. Não confirma criação, autorização, inauguração ou início das aulas.",painel_censo_escolar
5001102,Aquidauana,MS,True,2011,False,,,,2011.0,proxy_censo,,,True,False,True,False,4.0,8.0,True,True,True,,False,False,nenhuma,proxy_censo_sem_validacao_individual,proxy_primeiro_ept_federal_ativa,candidato_principal,"Primeiro ano de EPT federal ativa usado como proxy automática do Censo; sem validação institucional individual. Não confirma criação, autorização, inauguração ou início das aulas.",painel_censo_escolar
5003207,Corumbá,MS,True,2011,False,,,,2011.0,proxy_censo,,,True,False,True,False,4.0,8.0,True,True,True,,False,False,nenhuma,proxy_censo_sem_validacao_individual,proxy_primeiro_ept_federal_ativa,candidato_principal,"Primeiro ano de EPT federal ativa usado como proxy automática do Censo; sem validação institucional individual. Não confirma criação, autorização, inauguração ou início das aulas.",painel_censo_escolar
5003306,Coxim,MS,True,2011,False,,,,2011.0,proxy_censo,,,True,False,True,False,4.0,8.0,True,True,True,,False,False,nenhuma,proxy_censo_sem_validacao_individual,proxy_primeiro_ept_federal_ativa,candidato_principal,"Primeiro ano de EPT federal ativa usado como proxy automática do Censo; sem validação institucional individual. Não confirma criação, autorização, inauguração ou início das aulas.",painel_censo_escolar
5006606,Ponta Porã,MS,True,2011,False,,,,2011.0,proxy_censo,,,True,False,True,False,4.0,8.0,True,True,True,,False,False,nenhuma,proxy_censo_sem_validacao_individual,proxy_primeiro_ept_federal_ativa,candidato_principal,"Primeiro ano de EPT federal ativa usado como proxy automática do Censo; sem validação institucional individual. Não confirma criação, autorização, inauguração ou início das aulas.",painel_censo_escolar
5008305,Três Lagoas,MS,True,2011,False,,,,2011.0,proxy_censo,,,True,False,True,False,4.0,8.0,True,True,True,,False,False,nenhuma,proxy_censo_sem_validacao_individual,proxy_primeiro_ept_federal_ativa,candidato_principal,"Primeiro ano de EPT federal ativa usado como proxy automática do Censo; sem validação institucional individual. Não confirma criação, autorização, inauguração ou início das aulas.",painel_censo_escolar
5101803,Barra do Garças,MT,True,2011,False,,,,2011.0,proxy_censo,,,True,False,True,False,4.0,8.0,True,True,True,,False,False,nenhuma,proxy_censo_sem_validacao_individual,proxy_primeiro_ept_federal_ativa,candidato_principal,"Primeiro ano de EPT federal ativa usado como proxy automática do Censo; sem validação institucional individual. Não confirma criação, autorização, inauguração ou início das aulas.",painel_censo_escolar
5102637,Campo Novo do Parecis,MT,True,2009,False,,,,2009.0,proxy_censo,,,True,False,True,False,2.0,10.0,True,False,True,,False,False,nenhuma,proxy_censo_sem_validacao_individual,proxy_primeiro_ept_federal_ativa,candidato_principal,"Primeiro ano de EPT federal ativa usado como proxy automática do Censo; sem validação institucional individual. Não confirma criação, autorização, inauguração ou início das aulas.",painel_censo_escolar
5103353,Confresa,MT,True,2010,False,,,,2010.0,proxy_censo,,,True,False,True,False,3.0,9.0,True,True,True,,False,False,nenhuma,proxy_censo_sem_validacao_individual,proxy_primeiro_ept_federal_ativa,candidato_principal,"Primeiro ano de EPT federal ativa usado como proxy automática do Censo; sem validação institucional individual. Não confirma criação, autorização, inauguração ou início das aulas.",painel_censo_escolar
5105150,Juína,MT,True,2010,False,,,,2010.0,proxy_censo,,,True,False,True,False,3.0,9.0,True,True,True,,False,False,nenhuma,proxy_censo_sem_validacao_individual,proxy_primeiro_ept_federal_ativa,candidato_principal,"Primeiro ano de EPT federal ativa usado como proxy automática do Censo; sem validação institucional individual. Não confirma criação, autorização, inauguração ou início das aulas.",painel_censo_escolar
5106752,Pontes e Lacerda,MT,True,2009,False,,,,2009.0,proxy_censo,,,True,False,True,False,2.0,10.0,True,False,True,,False,False,nenhuma,proxy_censo_sem_validacao_individual,proxy_primeiro_ept_federal_ativa,candidato_principal,"Primeiro ano de EPT federal ativa usado como proxy automática do Censo; sem validação institucional individual. Não confirma criação, autorização, inauguração ou início das aulas.",painel_censo_escolar
5107602,Rondonópolis,MT,True,2011,False,,,,2011.0,proxy_censo,,,True,False,True,False,4.0,8.0,True,True,True,,False,False,nenhuma,proxy_censo_sem_validacao_individual,proxy_primeiro_ept_federal_ativa,candidato_principal,"Primeiro ano de EPT federal ativa usado como proxy automática do Censo; sem validação institucional individual. Não confirma criação, autorização, inauguração ou início das aulas.",painel_censo_escolar
1500107,Abaetetuba,PA,True,2008,False,2008.0,2008.0,2009.0,2009.0,institucional_validada,,2008,True,False,True,False,1.0,10.0,False,False,False,"status_populacao_causal=candidato_com_ressalva: Decreto Legislativo estadual no 52/2007 (17/12/2007) aprova doacao de terreno; Portaria MEC no 698, de 09/06/2008, autoriza o CEFET-PA a funcionar sua UNED em Abaetetuba; aula inaugural em 20/10/2008, tornando 2008 ano parcial; unidade elevada a Campus do IFPA em janeiro de 2009 apos a Lei 11.892/2008. 2009 e o primeiro ano civil inteiramente exposto. A Portaria MEC 698/2008 e o Decreto Legislativo 52/2007 nao foram lidos diretamente no Diario Oficial/diario estadual nesta revisao (citados por artigo academico revisado por pares); por isso o caso permanece com ressalva.",True,True,fonte_institucional_oficial,evento_documentado_por_fonte_academica_revisada,ano_parcial_documentado,candidato_com_ressalva,"Decreto Legislativo estadual no 52/2007 (17/12/2007) aprova doacao de terreno; Portaria MEC no 698, de 09/06/2008, autoriza o CEFET-PA a funcionar sua UNED em Abaetetuba; aula inaugural em 20/10/2008, tornando 2008 ano parcial; unidade elevada a Campus do IFPA em janeiro de 2009 apos a Lei 11.892/2008. 2009 e o primeiro ano civil inteiramente exposto. A Portaria MEC 698/2008 e o Decreto Legislativo 52/2007 nao foram lidos diretamente no Diario Oficial/diario estadual nesta revisao (citados por artigo academico revisado por pares); por isso o caso permanece com ressalva.",revisao_institucional_abaetetuba_ifpa
1501709,Bragança,PA,True,2009,False,,,,2009.0,proxy_censo,,,True,False,True,False,2.0,10.0,True,False,True,,False,False,nenhuma,proxy_censo_sem_validacao_individual,proxy_primeiro_ept_federal_ativa,candidato_principal,"Primeiro ano de EPT federal ativa usado como proxy automática do Censo; sem validação institucional individual. Não confirma criação, autorização, inauguração ou início das aulas.",painel_censo_escolar
1502707,Conceição do Araguaia,PA,True,2009,False,,,,2009.0,proxy_censo,,,True,False,True,False,2.0,10.0,True,False,True,,False,False,nenhuma,proxy_censo_sem_validacao_individual,proxy_primeiro_ept_federal_ativa,candidato_principal,"Primeiro ano de EPT federal ativa usado como proxy automática do Censo; sem validação institucional individual. Não confirma criação, autorização, inauguração ou início das aulas.",painel_censo_escolar
1503606,Itaituba,PA,True,2011,False,,,,2011.0,proxy_censo,,,True,False,True,False,4.0,8.0,True,True,True,,False,False,nenhuma,proxy_censo_sem_validacao_individual,proxy_primeiro_ept_federal_ativa,candidato_principal,"Primeiro ano de EPT federal ativa usado como proxy automática do Censo; sem validação institucional individual. Não confirma criação, autorização, inauguração ou início das aulas.",painel_censo_escolar
1506807,Santarém,PA,True,2010,False,,,,2010.0,proxy_censo,,,True,False,True,False,3.0,9.0,True,True,True,,False,False,nenhuma,proxy_censo_sem_validacao_individual,proxy_primeiro_ept_federal_ativa,candidato_principal,"Primeiro ano de EPT federal ativa usado como proxy automática do Censo; sem validação institucional individual. Não confirma criação, autorização, inauguração ou início das aulas.",painel_censo_escolar
2503209,Cabedelo,PB,True,2010,False,,,,2010.0,proxy_censo,,,True,False,True,False,3.0,9.0,True,True,False,"status_populacao_causal=candidato_com_ressalva: IFPB Campus Cabedelo (polo da Fase II, criado a partir do Plano de Expansao de 2008) e IFPB Campus Avancado Cabedelo Centro (unidade posterior, SISTEC 2014, elevada a Campus pleno somente em 2025) sao unidades fisicas separaveis. A identidade do polo correto (Campus Cabedelo) esta razoavelmente estabelecida por fontes institucionais, mas nenhuma data legal exata de autorizacao ou de inicio das aulas foi confirmada em fonte primaria. Ate confirmacao, a coorte candidata permanece a proxy mecanica do painel do Censo, sem assumir um primeiro ano civil completo.",True,True,indicio_secundario,unidades_fisicas_distintas_e_separaveis,proxy_censo_com_revisao,candidato_com_ressalva,"IFPB Campus Cabedelo (polo da Fase II, criado a partir do Plano de Expansao de 2008) e IFPB Campus Avancado Cabedelo Centro (unidade posterior, SISTEC 2014, elevada a Campus pleno somente em 2025) sao unidades fisicas separaveis. A identidade do polo correto (Campus Cabedelo) esta razoavelmente estabelecida por fontes institucionais, mas nenhuma data legal exata de autorizacao ou de inicio das aulas foi confirmada em fonte primaria. Ate confirmacao, a coorte candidata permanece a proxy mecanica do painel do Censo, sem assumir um primeiro ano civil completo.",revisao_institucional_cabedelo_ifpb
2509701,Monteiro,PB,True,2010,False,,,,2010.0,proxy_censo,,,True,False,True,False,3.0,9.0,True,True,True,,False,False,nenhuma,proxy_censo_sem_validacao_individual,proxy_primeiro_ept_federal_ativa,candidato_principal,"Primeiro ano de EPT federal ativa usado como proxy automática do Censo; sem validação institucional individual. Não confirma criação, autorização, inauguração ou início das aulas.",painel_censo_escolar
2510808,Patos,PB,True,2010,False,,,,2010.0,proxy_censo,,,True,False,True,False,3.0,9.0,True,True,True,,False,False,nenhuma,proxy_censo_sem_validacao_individual,proxy_primeiro_ept_federal_ativa,candidato_principal,"Primeiro ano de EPT federal ativa usado como proxy automática do Censo; sem validação institucional individual. Não confirma criação, autorização, inauguração ou início das aulas.",painel_censo_escolar
2511400,Picuí,PB,True,2010,False,,,,2010.0,proxy_censo,,,True,False,True,False,3.0,9.0,True,True,True,,False,False,nenhuma,proxy_censo_sem_validacao_individual,proxy_primeiro_ept_federal_ativa,candidato_principal,"Primeiro ano de EPT federal ativa usado como proxy automática do Censo; sem validação institucional individual. Não confirma criação, autorização, inauguração ou início das aulas.",painel_censo_escolar
2512309,Princesa Isabel,PB,True,2010,False,,,,2010.0,proxy_censo,,,True,False,True,False,3.0,9.0,True,True,True,,False,False,nenhuma,proxy_censo_sem_validacao_individual,proxy_primeiro_ept_federal_ativa,candidato_principal,"Primeiro ano de EPT federal ativa usado como proxy automática do Censo; sem validação institucional individual. Não confirma criação, autorização, inauguração ou início das aulas.",painel_censo_escolar
2600104,Afogados da Ingazeira,PE,True,2011,False,,,,2011.0,proxy_censo,,,True,False,True,False,4.0,8.0,True,True,True,,False,False,nenhuma,proxy_censo_sem_validacao_individual,proxy_primeiro_ept_federal_ativa,candidato_principal,"Primeiro ano de EPT federal ativa usado como proxy automática do Censo; sem validação institucional individual. Não confirma criação, autorização, inauguração ou início das aulas.",painel_censo_escolar
2604106,Caruaru,PE,True,2011,False,,,,2011.0,proxy_censo,,,True,False,True,False,4.0,8.0,True,True,True,,False,False,nenhuma,proxy_censo_sem_validacao_individual,proxy_primeiro_ept_federal_ativa,candidato_principal,"Primeiro ano de EPT federal ativa usado como proxy automática do Censo; sem validação institucional individual. Não confirma criação, autorização, inauguração ou início das aulas.",painel_censo_escolar
2606002,Garanhuns,PE,True,2011,False,,,,2011.0,proxy_censo,,,True,False,True,False,4.0,8.0,True,True,True,,False,False,nenhuma,proxy_censo_sem_validacao_individual,proxy_primeiro_ept_federal_ativa,candidato_principal,"Primeiro ano de EPT federal ativa usado como proxy automática do Censo; sem validação institucional individual. Não confirma criação, autorização, inauguração ou início das aulas.",painel_censo_escolar
2609907,Ouricuri,PE,True,2011,False,,,,2011.0,proxy_censo,,,True,False,True,False,4.0,8.0,True,True,True,,False,False,nenhuma,proxy_censo_sem_validacao_individual,proxy_primeiro_ept_federal_ativa,candidato_principal,"Primeiro ano de EPT federal ativa usado como proxy automática do Censo; sem validação institucional individual. Não confirma criação, autorização, inauguração ou início das aulas.",painel_censo_escolar
2612208,Salgueiro,PE,True,2011,False,,,,2011.0,proxy_censo,,,True,False,True,False,4.0,8.0,True,True,True,,False,False,nenhuma,proxy_censo_sem_validacao_individual,proxy_primeiro_ept_federal_ativa,candidato_principal,"Primeiro ano de EPT federal ativa usado como proxy automática do Censo; sem validação institucional individual. Não confirma criação, autorização, inauguração ou início das aulas.",painel_censo_escolar
2200608,Angical do Piauí,PI,True,2011,False,,,,2011.0,proxy_censo,,,True,False,True,False,4.0,8.0,True,True,True,,False,False,nenhuma,proxy_censo_sem_validacao_individual,proxy_primeiro_ept_federal_ativa,candidato_principal,"Primeiro ano de EPT federal ativa usado como proxy automática do Censo; sem validação institucional individual. Não confirma criação, autorização, inauguração ou início das aulas.",painel_censo_escolar
2202901,Corrente,PI,True,2011,False,,,,2011.0,proxy_censo,,,True,False,True,False,4.0,8.0,True,True,True,,False,False,nenhuma,proxy_censo_sem_validacao_individual,proxy_primeiro_ept_federal_ativa,candidato_principal,"Primeiro ano de EPT federal ativa usado como proxy automática do Censo; sem validação institucional individual. Não confirma criação, autorização, inauguração ou início das aulas.",painel_censo_escolar
2207801,Paulistana,PI,True,2011,False,,,,2011.0,proxy_censo,,,True,False,True,False,4.0,8.0,True,True,True,,False,False,nenhuma,proxy_censo_sem_validacao_individual,proxy_primeiro_ept_federal_ativa,candidato_principal,"Primeiro ano de EPT federal ativa usado como proxy automática do Censo; sem validação institucional individual. Não confirma criação, autorização, inauguração ou início das aulas.",painel_censo_escolar
2208403,Piripiri,PI,True,2011,False,,,,2011.0,proxy_censo,,,True,False,True,False,4.0,8.0,True,True,True,,False,False,nenhuma,proxy_censo_sem_validacao_individual,proxy_primeiro_ept_federal_ativa,candidato_principal,"Primeiro ano de EPT federal ativa usado como proxy automática do Censo; sem validação institucional individual. Não confirma criação, autorização, inauguração ou início das aulas.",painel_censo_escolar
2210607,São Raimundo Nonato,PI,True,2011,False,,,,2011.0,proxy_censo,,,True,False,True,False,4.0,8.0,True,True,True,,False,False,nenhuma,proxy_censo_sem_validacao_individual,proxy_primeiro_ept_federal_ativa,candidato_principal,"Primeiro ano de EPT federal ativa usado como proxy automática do Censo; sem validação institucional individual. Não confirma criação, autorização, inauguração ou início das aulas.",painel_censo_escolar
2211209,Uruçuí,PI,True,2011,False,,,,2011.0,proxy_censo,,,True,False,True,False,4.0,8.0,True,True,True,,False,False,nenhuma,proxy_censo_sem_validacao_individual,proxy_primeiro_ept_federal_ativa,candidato_principal,"Primeiro ano de EPT federal ativa usado como proxy automática do Censo; sem validação institucional individual. Não confirma criação, autorização, inauguração ou início das aulas.",painel_censo_escolar
4108304,Foz do Iguaçu,PR,True,2009,False,,,,2009.0,proxy_censo,,,True,False,True,False,2.0,10.0,True,False,True,,False,False,nenhuma,proxy_censo_sem_validacao_individual,proxy_primeiro_ept_federal_ativa,candidato_principal,"Primeiro ano de EPT federal ativa usado como proxy automática do Censo; sem validação institucional individual. Não confirma criação, autorização, inauguração ou início das aulas.",painel_censo_escolar
4111803,Jacarezinho,PR,True,2010,False,,,,2010.0,proxy_censo,,,True,False,True,False,3.0,9.0,True,True,True,,False,False,nenhuma,proxy_censo_sem_validacao_individual,proxy_primeiro_ept_federal_ativa,candidato_principal,"Primeiro ano de EPT federal ativa usado como proxy automática do Censo; sem validação institucional individual. Não confirma criação, autorização, inauguração ou início das aulas.",painel_censo_escolar
4118204,Paranaguá,PR,True,2009,False,,,,2009.0,proxy_censo,,,True,False,True,False,2.0,10.0,True,False,True,,False,False,nenhuma,proxy_censo_sem_validacao_individual,proxy_primeiro_ept_federal_ativa,candidato_principal,"Primeiro ano de EPT federal ativa usado como proxy automática do Censo; sem validação institucional individual. Não confirma criação, autorização, inauguração ou início das aulas.",painel_censo_escolar
4118402,Paranavaí,PR,True,2011,False,,,,2011.0,proxy_censo,,,True,False,True,False,4.0,8.0,True,True,True,,False,False,nenhuma,proxy_censo_sem_validacao_individual,proxy_primeiro_ept_federal_ativa,candidato_principal,"Primeiro ano de EPT federal ativa usado como proxy automática do Censo; sem validação institucional individual. Não confirma criação, autorização, inauguração ou início das aulas.",painel_censo_escolar
4127106,Telêmaco Borba,PR,True,2010,False,,,,2010.0,proxy_censo,,,True,False,True,False,3.0,9.0,True,True,True,,False,False,nenhuma,proxy_censo_sem_validacao_individual,proxy_primeiro_ept_federal_ativa,candidato_principal,"Primeiro ano de EPT federal ativa usado como proxy automática do Censo; sem validação institucional individual. Não confirma criação, autorização, inauguração ou início das aulas.",painel_censo_escolar
4128104,Umuarama,PR,True,2010,False,,,,2010.0,proxy_censo,,,True,False,True,False,3.0,9.0,True,True,True,,False,False,nenhuma,proxy_censo_sem_validacao_individual,proxy_primeiro_ept_federal_ativa,candidato_principal,"Primeiro ano de EPT federal ativa usado como proxy automática do Censo; sem validação institucional individual. Não confirma criação, autorização, inauguração ou início das aulas.",painel_censo_escolar
3300100,Angra dos Reis,RJ,True,2013,False,,,,2013.0,proxy_censo,,,True,False,True,False,6.0,6.0,True,True,True,,False,False,nenhuma,proxy_censo_sem_validacao_individual,proxy_primeiro_ept_federal_ativa,candidato_principal,"Primeiro ano de EPT federal ativa usado como proxy automática do Censo; sem validação institucional individual. Não confirma criação, autorização, inauguração ou início das aulas.",painel_censo_escolar
3300704,Cabo Frio,RJ,True,2009,False,2009.0,2009.0,2010.0,2010.0,institucional_validada,2009,2009,True,False,True,False,2.0,9.0,True,False,True,,True,False,fonte_institucional_oficial,evento_documentado_unidade_relevante_separada,ano_parcial_documentado,candidato_principal,"IFF Campus Cabo Frio inaugurado oficialmente em 05/03/2009 (fonte institucional direta do IFF, com presenca do presidente Lula e do ministro Fernando Haddad); unidade nova da Fase II, nao transformacao de CEFET/Escola Agrotecnica anterior; 2009 e ano parcial e 2010 o primeiro ano civil completo. A 'Escola Universitaria - UFRJ' observada no Censo (2011-2014) e o Instituto Politecnico de Cabo Frio, mantido pelo nucleo UFRJMar em parceria com a prefeitura desde 2008; e instituicao distinta, sem vinculo com a Fase II, cujos 67 alunos foram transferidos ao IFF em 2016 quando o programa foi encerrado. Nao ha risco relevante de mistura entre as duas entidades.",revisao_institucional_cabo_frio_iff
3301702,Duque de Caxias,RJ,True,2009,False,2006.0,,,,nao_aplicavel,,,False,True,True,False,,,False,False,False,"status_populacao_causal=excluido_principal: A UNED que deu origem ao Campus Duque de Caxias do IFRJ ja funcionava desde 2006 (a partir do antigo CEFET Quimica de Nilopolis), antes do inicio do painel em 2007; a Lei 11.892/2008 apenas transforma administrativamente a unidade em Campus do IFRJ. Nao existe ano dentro do painel 2007-2019 que represente uma primeira exposicao real: usar G=2007 seria tratar uma censura a esquerda como se fosse um inicio observavel. Sem periodo pre-tratamento observavel, o municipio nao pode entrar na amostra causal principal nem servir de controle; permanece institucionalmente exposto desde antes do painel.",True,False,indicio_secundario,presenca_operacional_anterior_ao_painel,sem_periodo_pre_tratamento_observavel,excluido_principal,"A UNED que deu origem ao Campus Duque de Caxias do IFRJ ja funcionava desde 2006 (a partir do antigo CEFET Quimica de Nilopolis), antes do inicio do painel em 2007; a Lei 11.892/2008 apenas transforma administrativamente a unidade em Campus do IFRJ. Nao existe ano dentro do painel 2007-2019 que represente uma primeira exposicao real: usar G=2007 seria tratar uma censura a esquerda como se fosse um inicio observavel. Sem periodo pre-tratamento observavel, o municipio nao pode entrar na amostra causal principal nem servir de controle; permanece institucionalmente exposto desde antes do painel.",revisao_institucional_duque_de_caxias_preexistencia
3302205,Itaperuna,RJ,True,2009,False,,,,2009.0,proxy_censo,,,True,False,True,False,2.0,10.0,True,False,True,,False,False,nenhuma,proxy_censo_sem_validacao_individual,proxy_primeiro_ept_federal_ativa,candidato_principal,"Primeiro ano de EPT federal ativa usado como proxy automática do Censo; sem validação institucional individual. Não confirma criação, autorização, inauguração ou início das aulas.",painel_censo_escolar
3303401,Nova Friburgo,RJ,True,2009,False,,,,2009.0,proxy_censo,,,True,False,True,False,2.0,10.0,True,False,True,,False,False,nenhuma,proxy_censo_sem_validacao_individual,proxy_primeiro_ept_federal_ativa,candidato_principal,"Primeiro ano de EPT federal ativa usado como proxy automática do Censo; sem validação institucional individual. Não confirma criação, autorização, inauguração ou início das aulas.",painel_censo_escolar
3303906,Petrópolis,RJ,True,2009,False,,,,2009.0,proxy_censo,,,True,False,True,False,2.0,10.0,True,False,True,,False,False,nenhuma,proxy_censo_sem_validacao_individual,proxy_primeiro_ept_federal_ativa,candidato_principal,"Primeiro ano de EPT federal ativa usado como proxy automática do Censo; sem validação institucional individual. Não confirma criação, autorização, inauguração ou início das aulas.",painel_censo_escolar
3306305,Volta Redonda,RJ,True,2009,False,,,,2009.0,proxy_censo,,,True,False,True,False,2.0,10.0,True,False,True,,False,False,nenhuma,proxy_censo_sem_validacao_individual,proxy_primeiro_ept_federal_ativa,candidato_principal,"Primeiro ano de EPT federal ativa usado como proxy automática do Censo; sem validação institucional individual. Não confirma criação, autorização, inauguração ou início das aulas.",painel_censo_escolar
2401008,Apodi,RN,True,2010,False,,,,2010.0,proxy_censo,,,True,False,True,False,3.0,9.0,True,True,False,status_populacao_causal=candidato_com_ressalva: Campus do IFRN observado como continuo no Censo a partir de um padrao regional associado a Escola Agricola de Jundiai; essa entidade historica nao e tratada como um novo campus da Fase II nem gera evento institucional proprio para este municipio. Sem pesquisa institucional externa individual nesta revisao; a coorte candidata permanece a proxy mecanica do painel do Censo.,False,True,auditoria_local_dados,padrao_escola_agricola_de_jundiai_com_ressalva,proxy_censo_com_revisao,candidato_com_ressalva,Campus do IFRN observado como continuo no Censo a partir de um padrao regional associado a Escola Agricola de Jundiai; essa entidade historica nao e tratada como um novo campus da Fase II nem gera evento institucional proprio para este municipio. Sem pesquisa institucional externa individual nesta revisao; a coorte candidata permanece a proxy mecanica do painel do Censo.,auditoria_local_padrao_eaj_rn
2402006,Caicó,RN,True,2010,False,,,,2010.0,proxy_censo,,,True,False,True,False,3.0,9.0,True,True,False,status_populacao_causal=candidato_com_ressalva: Campus do IFRN observado como continuo no Censo a partir de um padrao regional associado a Escola Agricola de Jundiai; essa entidade historica nao e tratada como um novo campus da Fase II nem gera evento institucional proprio para este municipio. Sem pesquisa institucional externa individual nesta revisao; a coorte candidata permanece a proxy mecanica do painel do Censo.,False,True,auditoria_local_dados,padrao_escola_agricola_de_jundiai_com_ressalva,proxy_censo_com_revisao,candidato_com_ressalva,Campus do IFRN observado como continuo no Censo a partir de um padrao regional associado a Escola Agricola de Jundiai; essa entidade historica nao e tratada como um novo campus da Fase II nem gera evento institucional proprio para este municipio. Sem pesquisa institucional externa individual nesta revisao; a coorte candidata permanece a proxy mecanica do painel do Censo.,auditoria_local_padrao_eaj_rn
2405801,João Câmara,RN,True,2010,False,,,,2010.0,proxy_censo,,,True,False,True,False,3.0,9.0,True,True,False,status_populacao_causal=candidato_com_ressalva: Campus do IFRN observado como continuo no Censo a partir de um padrao regional associado a Escola Agricola de Jundiai; essa entidade historica nao e tratada como um novo campus da Fase II nem gera evento institucional proprio para este municipio. Sem pesquisa institucional externa individual nesta revisao; a coorte candidata permanece a proxy mecanica do painel do Censo.,False,True,auditoria_local_dados,padrao_escola_agricola_de_jundiai_com_ressalva,proxy_censo_com_revisao,candidato_com_ressalva,Campus do IFRN observado como continuo no Censo a partir de um padrao regional associado a Escola Agricola de Jundiai; essa entidade historica nao e tratada como um novo campus da Fase II nem gera evento institucional proprio para este municipio. Sem pesquisa institucional externa individual nesta revisao; a coorte candidata permanece a proxy mecanica do painel do Censo.,auditoria_local_padrao_eaj_rn
2407203,Macau,RN,True,2010,False,,,,2010.0,proxy_censo,,,True,False,True,False,3.0,9.0,True,True,True,,False,False,nenhuma,proxy_censo_sem_validacao_individual,proxy_primeiro_ept_federal_ativa,candidato_principal,"Primeiro ano de EPT federal ativa usado como proxy automática do Censo; sem validação institucional individual. Não confirma criação, autorização, inauguração ou início das aulas.",painel_censo_escolar
2409407,Pau dos Ferros,RN,True,2010,False,,,,2010.0,proxy_censo,,,True,False,True,False,3.0,9.0,True,True,False,status_populacao_causal=candidato_com_ressalva: Campus do IFRN observado como continuo no Censo a partir de um padrao regional associado a Escola Agricola de Jundiai; essa entidade historica nao e tratada como um novo campus da Fase II nem gera evento institucional proprio para este municipio. Sem pesquisa institucional externa individual nesta revisao; a coorte candidata permanece a proxy mecanica do painel do Censo.,False,True,auditoria_local_dados,padrao_escola_agricola_de_jundiai_com_ressalva,proxy_censo_com_revisao,candidato_com_ressalva,Campus do IFRN observado como continuo no Censo a partir de um padrao regional associado a Escola Agricola de Jundiai; essa entidade historica nao e tratada como um novo campus da Fase II nem gera evento institucional proprio para este municipio. Sem pesquisa institucional externa individual nesta revisao; a coorte candidata permanece a proxy mecanica do painel do Censo.,auditoria_local_padrao_eaj_rn
2411205,Santa Cruz,RN,True,2010,False,,,,2010.0,proxy_censo,,,True,False,True,False,3.0,9.0,True,True,False,"status_populacao_causal=candidato_com_ressalva: Campus do IFRN observado como continuo no Censo (padrao Escola Agricola de Jundiai); adicionalmente, a base MEC/SISTEC associa o 'Instituto Federal do Rio Grande do Norte - Campus Santa Cruz' ao municipio de Natal (erro de origem na propria fonte, nao corrigido por inferencia de texto). Sem pesquisa institucional externa individual nesta revisao; a coorte candidata permanece a proxy mecanica do painel do Censo.",False,True,auditoria_local_dados,padrao_escola_agricola_de_jundiai_e_erro_de_municipio_no_sistec,proxy_censo_com_revisao,candidato_com_ressalva,"Campus do IFRN observado como continuo no Censo (padrao Escola Agricola de Jundiai); adicionalmente, a base MEC/SISTEC associa o 'Instituto Federal do Rio Grande do Norte - Campus Santa Cruz' ao municipio de Natal (erro de origem na propria fonte, nao corrigido por inferencia de texto). Sem pesquisa institucional externa individual nesta revisao; a coorte candidata permanece a proxy mecanica do painel do Censo.",auditoria_local_padrao_eaj_rn_e_sistec_natal
1100122,Ji-Paraná,RO,True,2009,False,,,,2009.0,proxy_censo,,,True,False,True,False,2.0,10.0,True,False,True,,False,False,nenhuma,proxy_censo_sem_validacao_individual,proxy_primeiro_ept_federal_ativa,candidato_principal,"Primeiro ano de EPT federal ativa usado como proxy automática do Censo; sem validação institucional individual. Não confirma criação, autorização, inauguração ou início das aulas.",painel_censo_escolar
1100304,Vilhena,RO,True,2011,False,,,,2011.0,proxy_censo,,,True,False,True,False,4.0,8.0,True,True,True,,False,False,nenhuma,proxy_censo_sem_validacao_individual,proxy_primeiro_ept_federal_ativa,candidato_principal,"Primeiro ano de EPT federal ativa usado como proxy automática do Censo; sem validação institucional individual. Não confirma criação, autorização, inauguração ou início das aulas.",painel_censo_escolar
1400027,Amajari,RR,True,2011,False,,,,2011.0,proxy_censo,,,True,False,True,False,4.0,8.0,True,True,True,,False,False,nenhuma,proxy_censo_sem_validacao_individual,proxy_primeiro_ept_federal_ativa,candidato_principal,"Primeiro ano de EPT federal ativa usado como proxy automática do Censo; sem validação institucional individual. Não confirma criação, autorização, inauguração ou início das aulas.",painel_censo_escolar
4301602,Bagé,RS,True,2011,False,,,,2011.0,proxy_censo,,,True,False,True,False,4.0,8.0,True,True,True,,False,False,nenhuma,proxy_censo_sem_validacao_individual,proxy_primeiro_ept_federal_ativa,candidato_principal,"Primeiro ano de EPT federal ativa usado como proxy automática do Censo; sem validação institucional individual. Não confirma criação, autorização, inauguração ou início das aulas.",painel_censo_escolar
4303509,Camaquã,RS,True,2011,False,,,,2011.0,proxy_censo,,,True,False,True,False,4.0,8.0,True,True,True,,False,False,nenhuma,proxy_censo_sem_validacao_individual,proxy_primeiro_ept_federal_ativa,candidato_principal,"Primeiro ano de EPT federal ativa usado como proxy automática do Censo; sem validação institucional individual. Não confirma criação, autorização, inauguração ou início das aulas.",painel_censo_escolar
4305108,Caxias do Sul,RS,True,2011,False,,,,2011.0,proxy_censo,,,True,False,True,False,4.0,8.0,True,True,True,,False,False,nenhuma,proxy_censo_sem_validacao_individual,proxy_primeiro_ept_federal_ativa,candidato_principal,"Primeiro ano de EPT federal ativa usado como proxy automática do Censo; sem validação institucional individual. Não confirma criação, autorização, inauguração ou início das aulas.",painel_censo_escolar
4307005,Erechim,RS,True,2010,False,,,,2010.0,proxy_censo,,,True,False,True,False,3.0,9.0,True,True,True,,False,False,nenhuma,proxy_censo_sem_validacao_individual,proxy_primeiro_ept_federal_ativa,candidato_principal,"Primeiro ano de EPT federal ativa usado como proxy automática do Censo; sem validação institucional individual. Não confirma criação, autorização, inauguração ou início das aulas.",painel_censo_escolar
4313508,Osório,RS,True,2011,False,,,,2011.0,proxy_censo,,,True,False,True,False,4.0,8.0,True,True,True,,False,False,nenhuma,proxy_censo_sem_validacao_individual,proxy_primeiro_ept_federal_ativa,candidato_principal,"Primeiro ano de EPT federal ativa usado como proxy automática do Censo; sem validação institucional individual. Não confirma criação, autorização, inauguração ou início das aulas.",painel_censo_escolar
4313904,Panambi,RS,True,2011,False,,,,2011.0,proxy_censo,,,True,False,True,False,4.0,8.0,True,True,True,,False,False,nenhuma,proxy_censo_sem_validacao_individual,proxy_primeiro_ept_federal_ativa,candidato_principal,"Primeiro ano de EPT federal ativa usado como proxy automática do Censo; sem validação institucional individual. Não confirma criação, autorização, inauguração ou início das aulas.",painel_censo_escolar
4314902,Porto Alegre,RS,True,2007,False,2010.0,2010.0,2011.0,2011.0,institucional_validada,2010,2010,True,False,True,False,3.0,8.0,True,True,False,"status_populacao_causal=especial_estimando: O municipio ja tinha presenca federal EPT ativa continua desde 2007 (Campus Porto Alegre, ex-Escola Tecnica da UFRGS), o que impede tratar qualquer ano dentro do painel como 'primeira exposicao federal' do municipio (baseline D_g,1 ja tratado). A chegada do Campus Restinga, autorizado pela Portaria MEC 1.170/2010 (lida diretamente no Diario Oficial) com inicio de atividades em 26/06/2010, representa uma expansao adicional, distinta e nomeada separadamente ('Porto Alegre - Restinga') da unidade historica. O municipio fica excluido da amostra causal principal de 'primeira exposicao' e mantido apenas como estimando especial para a chegada do Campus Restinga; nunca utilizavel como controle never-treated ou not-yet-treated.",True,True,fonte_primaria_legislativa,expansao_adicional_em_municipio_com_presenca_federal_preexistente,ano_parcial_documentado,especial_estimando,"O municipio ja tinha presenca federal EPT ativa continua desde 2007 (Campus Porto Alegre, ex-Escola Tecnica da UFRGS), o que impede tratar qualquer ano dentro do painel como 'primeira exposicao federal' do municipio (baseline D_g,1 ja tratado). A chegada do Campus Restinga, autorizado pela Portaria MEC 1.170/2010 (lida diretamente no Diario Oficial) com inicio de atividades em 26/06/2010, representa uma expansao adicional, distinta e nomeada separadamente ('Porto Alegre - Restinga') da unidade historica. O municipio fica excluido da amostra causal principal de 'primeira exposicao' e mantido apenas como estimando especial para a chegada do Campus Restinga; nunca utilizavel como controle never-treated ou not-yet-treated.",revisao_institucional_porto_alegre_restinga
4317202,Santa Rosa,RS,True,2010,False,,,,2010.0,proxy_censo,,,True,False,True,False,3.0,9.0,True,True,True,,False,False,nenhuma,proxy_censo_sem_validacao_individual,proxy_primeiro_ept_federal_ativa,candidato_principal,"Primeiro ano de EPT federal ativa usado como proxy automática do Censo; sem validação institucional individual. Não confirma criação, autorização, inauguração ou início das aulas.",painel_censo_escolar
4318002,São Borja,RS,True,2010,False,,,,2010.0,proxy_censo,,,True,False,True,False,3.0,9.0,True,True,True,,False,False,nenhuma,proxy_censo_sem_validacao_individual,proxy_primeiro_ept_federal_ativa,candidato_principal,"Primeiro ano de EPT federal ativa usado como proxy automática do Censo; sem validação institucional individual. Não confirma criação, autorização, inauguração ou início das aulas.",painel_censo_escolar
4322608,Venâncio Aires,RS,True,2011,False,,,,2011.0,proxy_censo,,,True,False,True,False,4.0,8.0,True,True,True,,False,False,nenhuma,proxy_censo_sem_validacao_individual,proxy_primeiro_ept_federal_ativa,candidato_principal,"Primeiro ano de EPT federal ativa usado como proxy automática do Censo; sem validação institucional individual. Não confirma criação, autorização, inauguração ou início das aulas.",painel_censo_escolar
4203808,Canoinhas,SC,True,2012,False,,,,2012.0,proxy_censo,,,True,False,True,False,5.0,7.0,True,True,True,,False,False,nenhuma,proxy_censo_sem_validacao_individual,proxy_primeiro_ept_federal_ativa,candidato_principal,"Primeiro ano de EPT federal ativa usado como proxy automática do Censo; sem validação institucional individual. Não confirma criação, autorização, inauguração ou início das aulas.",painel_censo_escolar
4204608,Criciúma,SC,True,2011,False,,,,2011.0,proxy_censo,,,True,False,True,False,4.0,8.0,True,True,True,,False,False,nenhuma,proxy_censo_sem_validacao_individual,proxy_primeiro_ept_federal_ativa,candidato_principal,"Primeiro ano de EPT federal ativa usado como proxy automática do Censo; sem validação institucional individual. Não confirma criação, autorização, inauguração ou início das aulas.",painel_censo_escolar
4205902,Gaspar,SC,True,2012,False,,,,2012.0,proxy_censo,,,True,False,True,False,5.0,7.0,True,True,True,,False,False,nenhuma,proxy_censo_sem_validacao_individual,proxy_primeiro_ept_federal_ativa,candidato_principal,"Primeiro ano de EPT federal ativa usado como proxy automática do Censo; sem validação institucional individual. Não confirma criação, autorização, inauguração ou início das aulas.",painel_censo_escolar
4208203,Itajaí,SC,True,2012,False,,,,2012.0,proxy_censo,,,True,False,True,False,5.0,7.0,True,True,True,,False,False,nenhuma,proxy_censo_sem_validacao_individual,proxy_primeiro_ept_federal_ativa,candidato_principal,"Primeiro ano de EPT federal ativa usado como proxy automática do Censo; sem validação institucional individual. Não confirma criação, autorização, inauguração ou início das aulas.",painel_censo_escolar
4209300,Lages,SC,True,2012,False,,,,2012.0,proxy_censo,,,True,False,True,False,5.0,7.0,True,True,True,,False,False,nenhuma,proxy_censo_sem_validacao_individual,proxy_primeiro_ept_federal_ativa,candidato_principal,"Primeiro ano de EPT federal ativa usado como proxy automática do Censo; sem validação institucional individual. Não confirma criação, autorização, inauguração ou início das aulas.",painel_censo_escolar
4217204,São Miguel do Oeste,SC,True,2011,False,,,,2011.0,proxy_censo,,,True,False,True,False,4.0,8.0,True,True,True,,False,False,nenhuma,proxy_censo_sem_validacao_individual,proxy_primeiro_ept_federal_ativa,candidato_principal,"Primeiro ano de EPT federal ativa usado como proxy automática do Censo; sem validação institucional individual. Não confirma criação, autorização, inauguração ou início das aulas.",painel_censo_escolar
4219309,Videira,SC,True,2010,False,,,,2010.0,proxy_censo,,,True,False,True,False,3.0,9.0,True,True,True,,False,False,nenhuma,proxy_censo_sem_validacao_individual,proxy_primeiro_ept_federal_ativa,candidato_principal,"Primeiro ano de EPT federal ativa usado como proxy automática do Censo; sem validação institucional individual. Não confirma criação, autorização, inauguração ou início das aulas.",painel_censo_escolar
2802106,Estância,SE,True,2011,False,,,,2011.0,proxy_censo,,,True,False,True,False,4.0,8.0,True,True,True,,False,False,nenhuma,proxy_censo_sem_validacao_individual,proxy_primeiro_ept_federal_ativa,candidato_principal,"Primeiro ano de EPT federal ativa usado como proxy automática do Censo; sem validação institucional individual. Não confirma criação, autorização, inauguração ou início das aulas.",painel_censo_escolar
2802908,Itabaiana,SE,True,2012,False,,,,2012.0,proxy_censo,,,True,False,True,False,5.0,7.0,True,True,True,,False,False,nenhuma,proxy_censo_sem_validacao_individual,proxy_primeiro_ept_federal_ativa,candidato_principal,"Primeiro ano de EPT federal ativa usado como proxy automática do Censo; sem validação institucional individual. Não confirma criação, autorização, inauguração ou início das aulas.",painel_censo_escolar
2804508,Nossa Senhora da Glória,SE,True,2011,True,,,,,nao_aplicavel,2011,,False,False,True,False,,,False,False,False,"status_populacao_causal=sob_revisao: A auditoria de timing (docs/methodology/AUDITORIA_TIMING_TRATAMENTO.md) identifica uma unica interrupcao interna na flag de EPT federal ativa para este municipio, no mesmo campus; o primeiro ano persistente ate 2019 e 2018. A queda observada nao comprova encerramento operacional do campus. Sem validacao institucional externa, o municipio fica sob revisao e fora da amostra principal. 2011 (primeiro ano de EPT ativa observado antes da lacuna) fica registrado apenas como sensibilidade futura de uma especificacao ingenua absorvente, documentada mas nao estimada agora.",False,True,auditoria_local_dados,mesmo_campus_com_lacuna_observacional_de_ept_ativa_nao_confirmada_como_fechamento,intermitente_observacional_sem_validacao_institucional,sob_revisao,"A auditoria de timing (docs/methodology/AUDITORIA_TIMING_TRATAMENTO.md) identifica uma unica interrupcao interna na flag de EPT federal ativa para este municipio, no mesmo campus; o primeiro ano persistente ate 2019 e 2018. A queda observada nao comprova encerramento operacional do campus. Sem validacao institucional externa, o municipio fica sob revisao e fora da amostra principal. 2011 (primeiro ano de EPT ativa observado antes da lacuna) fica registrado apenas como sensibilidade futura de uma especificacao ingenua absorvente, documentada mas nao estimada agora.",auditoria_local_intermitencia_nossa_senhora_da_gloria
3503208,Araraquara,SP,True,2011,False,,,,2011.0,proxy_censo,,,True,False,True,False,4.0,8.0,True,True,True,,False,False,nenhuma,proxy_censo_sem_validacao_individual,proxy_primeiro_ept_federal_ativa,candidato_principal,"Primeiro ano de EPT federal ativa usado como proxy automática do Censo; sem validação institucional individual. Não confirma criação, autorização, inauguração ou início das aulas.",painel_censo_escolar
3504503,Avaré,SP,True,2011,False,,,,2011.0,proxy_censo,,,True,False,True,False,4.0,8.0,True,True,True,,False,False,nenhuma,proxy_censo_sem_validacao_individual,proxy_primeiro_ept_federal_ativa,candidato_principal,"Primeiro ano de EPT federal ativa usado como proxy automática do Censo; sem validação institucional individual. Não confirma criação, autorização, inauguração ou início das aulas.",painel_censo_escolar
3505500,Barretos,SP,True,2011,False,,,,2011.0,proxy_censo,,,True,False,True,False,4.0,8.0,True,True,True,,False,False,nenhuma,proxy_censo_sem_validacao_individual,proxy_primeiro_ept_federal_ativa,candidato_principal,"Primeiro ano de EPT federal ativa usado como proxy automática do Censo; sem validação institucional individual. Não confirma criação, autorização, inauguração ou início das aulas.",painel_censo_escolar
3506508,Birigui,SP,True,2011,False,,,,2011.0,proxy_censo,,,True,False,True,False,4.0,8.0,True,True,True,,False,False,nenhuma,proxy_censo_sem_validacao_individual,proxy_primeiro_ept_federal_ativa,candidato_principal,"Primeiro ano de EPT federal ativa usado como proxy automática do Censo; sem validação institucional individual. Não confirma criação, autorização, inauguração ou início das aulas.",painel_censo_escolar
3509502,Campinas,SP,True,2016,False,2013.0,2013.0,,,nao_aplicavel,2013,2013,False,False,True,False,,,False,False,False,"status_populacao_causal=sob_revisao: As atividades do IFSP Campus Campinas comecaram em agosto de 2013 com a primeira turma do Tecnologo em Analise e Desenvolvimento de Sistemas, viabilizada por convenio com o CTI 'Renato Archer' — 2013 e portanto ano parcial, nao um ano civil completo confirmado. Fontes indicam 'uma serie de dificuldades' na implantacao, com a sede definitiva so entregue em maio de 2019; nao ha confirmacao de qual foi o primeiro ano civil efetivamente estavel apos 2013. Por isso primeiro_ano_completo e ano_coorte_candidata permanecem nulos; 2013 fica registrado apenas como fato observado/sensibilidade. O municipio pertence a Fase II e nao pode ser controle independentemente da resolucao deste timing.",True,True,indicio_secundario,inicio_2013_documentado_sem_ano_civil_completo_confirmado,evento_documentado_mas_operacao_instavel_ate_sede_definitiva_2019,sob_revisao,"As atividades do IFSP Campus Campinas comecaram em agosto de 2013 com a primeira turma do Tecnologo em Analise e Desenvolvimento de Sistemas, viabilizada por convenio com o CTI 'Renato Archer' — 2013 e portanto ano parcial, nao um ano civil completo confirmado. Fontes indicam 'uma serie de dificuldades' na implantacao, com a sede definitiva so entregue em maio de 2019; nao ha confirmacao de qual foi o primeiro ano civil efetivamente estavel apos 2013. Por isso primeiro_ano_completo e ano_coorte_candidata permanecem nulos; 2013 fica registrado apenas como fato observado/sensibilidade. O municipio pertence a Fase II e nao pode ser controle independentemente da resolucao deste timing.",revisao_institucional_campinas_ifsp
3511102,Catanduva,SP,True,2011,False,,,,2011.0,proxy_censo,,,True,False,True,False,4.0,8.0,True,True,True,,False,False,nenhuma,proxy_censo_sem_validacao_individual,proxy_primeiro_ept_federal_ativa,candidato_principal,"Primeiro ano de EPT federal ativa usado como proxy automática do Censo; sem validação institucional individual. Não confirma criação, autorização, inauguração ou início das aulas.",painel_censo_escolar
3522307,Itapetininga,SP,True,2012,False,,,,2012.0,proxy_censo,,,True,False,True,False,5.0,7.0,True,True,True,,False,False,nenhuma,proxy_censo_sem_validacao_individual,proxy_primeiro_ept_federal_ativa,candidato_principal,"Primeiro ano de EPT federal ativa usado como proxy automática do Censo; sem validação institucional individual. Não confirma criação, autorização, inauguração ou início das aulas.",painel_censo_escolar
3538709,Piracicaba,SP,True,2011,True,,,,,nao_aplicavel,2011,,False,False,True,False,,,False,False,False,"status_populacao_causal=sob_revisao: A auditoria de timing (docs/methodology/AUDITORIA_TIMING_TRATAMENTO.md) identifica uma unica interrupcao interna na flag de EPT federal ativa para este municipio, no mesmo campus; o primeiro ano persistente ate 2019 e 2018. A queda observada nao comprova encerramento operacional do campus. Sem validacao institucional externa, o municipio fica sob revisao e fora da amostra principal. 2011 (primeiro ano de EPT ativa observado antes da lacuna) fica registrado apenas como sensibilidade futura de uma especificacao ingenua absorvente, documentada mas nao estimada agora.",False,True,auditoria_local_dados,mesmo_campus_com_lacuna_observacional_de_ept_ativa_nao_confirmada_como_fechamento,intermitente_observacional_sem_validacao_institucional,sob_revisao,"A auditoria de timing (docs/methodology/AUDITORIA_TIMING_TRATAMENTO.md) identifica uma unica interrupcao interna na flag de EPT federal ativa para este municipio, no mesmo campus; o primeiro ano persistente ate 2019 e 2018. A queda observada nao comprova encerramento operacional do campus. Sem validacao institucional externa, o municipio fica sob revisao e fora da amostra principal. 2011 (primeiro ano de EPT ativa observado antes da lacuna) fica registrado apenas como sensibilidade futura de uma especificacao ingenua absorvente, documentada mas nao estimada agora.",auditoria_local_intermitencia_piracicaba
3541307,Presidente Epitácio,SP,True,2011,False,,,,2011.0,proxy_censo,,,True,False,True,False,4.0,8.0,True,True,True,,False,False,nenhuma,proxy_censo_sem_validacao_individual,proxy_primeiro_ept_federal_ativa,candidato_principal,"Primeiro ano de EPT federal ativa usado como proxy automática do Censo; sem validação institucional individual. Não confirma criação, autorização, inauguração ou início das aulas.",painel_censo_escolar
3542602,Registro,SP,True,2013,False,,,,2013.0,proxy_censo,,,True,False,True,False,6.0,6.0,True,True,True,,False,False,nenhuma,proxy_censo_sem_validacao_individual,proxy_primeiro_ept_federal_ativa,candidato_principal,"Primeiro ano de EPT federal ativa usado como proxy automática do Censo; sem validação institucional individual. Não confirma criação, autorização, inauguração ou início das aulas.",painel_censo_escolar
3552502,Suzano,SP,True,2012,False,,,,2012.0,proxy_censo,,,True,False,True,False,5.0,7.0,True,True,True,,False,False,nenhuma,proxy_censo_sem_validacao_individual,proxy_primeiro_ept_federal_ativa,candidato_principal,"Primeiro ano de EPT federal ativa usado como proxy automática do Censo; sem validação institucional individual. Não confirma criação, autorização, inauguração ou início das aulas.",painel_censo_escolar
3557105,Votuporanga,SP,True,2011,False,,,,2011.0,proxy_censo,,,True,False,True,False,4.0,8.0,True,True,True,,False,False,nenhuma,proxy_censo_sem_validacao_individual,proxy_primeiro_ept_federal_ativa,candidato_principal,"Primeiro ano de EPT federal ativa usado como proxy automática do Censo; sem validação institucional individual. Não confirma criação, autorização, inauguração ou início das aulas.",painel_censo_escolar
1702109,Araguaína,TO,True,2010,False,,,,2010.0,proxy_censo,,,True,False,True,False,3.0,9.0,True,True,True,,False,False,nenhuma,proxy_censo_sem_validacao_individual,proxy_primeiro_ept_federal_ativa,candidato_principal,"Primeiro ano de EPT federal ativa usado como proxy automática do Censo; sem validação institucional individual. Não confirma criação, autorização, inauguração ou início das aulas.",painel_censo_escolar
1709500,Gurupi,TO,True,2011,False,,,,2011.0,proxy_censo,,,True,False,True,False,4.0,8.0,True,True,True,,False,False,nenhuma,proxy_censo_sem_validacao_individual,proxy_primeiro_ept_federal_ativa,candidato_principal,"Primeiro ano de EPT federal ativa usado como proxy automática do Censo; sem validação institucional individual. Não confirma criação, autorização, inauguração ou início das aulas.",painel_censo_escolar
1718204,Porto Nacional,TO,True,2011,False,,,,2011.0,proxy_censo,,,True,False,True,False,4.0,8.0,True,True,True,,False,False,nenhuma,proxy_censo_sem_validacao_individual,proxy_primeiro_ept_federal_ativa,candidato_principal,"Primeiro ano de EPT federal ativa usado como proxy automática do Censo; sem validação institucional individual. Não confirma criação, autorização, inauguração ou início das aulas.",painel_censo_escolar
